timestamp,country,category,state,value
2022-02-24 12:35:34,Russia,armoured fighting vehicles,captured,1
2022-02-24 12:35:34,Russia,armoured fighting vehicles,destroyed,1
2022-02-24 12:35:34,Russia,helicopters,damaged,1
2022-02-24 12:35:34,Russia,infantry mobility vehicles,damaged,1
2022-02-24 12:35:34,Russia,infantry mobility vehicles,destroyed,1
2022-02-24 12:35:34,Russia,tanks,destroyed,1
2022-02-24 12:35:34,Russia,"trucks, vehicles and jeeps",captured,1
2022-02-24 12:35:34,Ukraine,aircraft,destroyed,1
2022-02-24 12:35:34,Ukraine,armoured fighting vehicles,captured,1
2022-02-24 12:35:34,Ukraine,armoured personnel carriers,captured,1
2022-02-24 12:35:34,Ukraine,infantry fighting vehicles,captured,2
2022-02-24 12:35:34,Ukraine,infantry mobility vehicles,destroyed,1
2022-02-24 12:35:34,Ukraine,radars,damaged,2
2022-02-24 12:35:34,Ukraine,radars,destroyed,3
2022-02-24 12:35:34,Ukraine,"trucks, vehicles and jeeps",captured,8
2022-02-24 12:35:34,Ukraine,"trucks, vehicles and jeeps",destroyed,4
2022-02-24 14:40:43,Russia,aircraft,destroyed,1
2022-02-24 14:40:43,Russia,armoured fighting vehicles,captured,1
2022-02-24 14:40:43,Russia,helicopters,destroyed,1
2022-02-24 14:40:43,Russia,infantry fighting vehicles,captured,1
2022-02-24 14:40:43,Ukraine,aircraft,destroyed,-1
2022-02-24 14:40:43,Ukraine,armoured fighting vehicles,abandoned,1
2022-02-24 14:40:43,Ukraine,infantry fighting vehicles,abandoned,3
2022-02-24 17:31:39,Russia,aircraft,destroyed,1
2022-02-24 17:31:39,Russia,"trucks, vehicles and jeeps",captured,3
2022-02-24 17:31:39,Ukraine,aircraft,destroyed,1
2022-02-24 17:31:39,Ukraine,self-propelled artillery,captured,2
2022-02-24 17:31:39,Ukraine,"trucks, vehicles and jeeps",captured,3
2022-02-24 17:31:39,Ukraine,"trucks, vehicles and jeeps",destroyed,1
2022-02-24 19:18:58,Russia,armoured fighting vehicles,destroyed,2
2022-02-24 19:18:58,Russia,surface-to-air missile systems,destroyed,1
2022-02-24 19:18:58,Russia,"trucks, vehicles and jeeps",damaged,1
2022-02-24 19:18:58,Ukraine,aircraft,destroyed,-1
2022-02-24 19:18:58,Ukraine,armoured personnel carriers,abandoned,1
2022-02-24 19:18:58,Ukraine,surface-to-air missile systems,destroyed,1
2022-02-24 23:11:42,Russia,engineering vehicles,captured,2
2022-02-24 23:11:42,Russia,engineering vehicles,destroyed,1
2022-02-24 23:11:42,Russia,mine-resistant ambush protected,captured,1
2022-02-24 23:11:42,Russia,"trucks, vehicles and jeeps",captured,2
2022-02-24 23:11:42,Russia,"trucks, vehicles and jeeps",damaged,1
2022-02-24 23:11:42,Russia,"trucks, vehicles and jeeps",destroyed,1
2022-02-25 18:38:32,Russia,aircraft,destroyed,1
2022-02-25 18:38:32,Russia,armoured fighting vehicles,captured,1
2022-02-25 18:38:32,Russia,artillery,captured,2
2022-02-25 18:38:32,Russia,artillery,destroyed,2
2022-02-25 18:38:32,Russia,infantry fighting vehicles,abandoned,1
2022-02-25 18:38:32,Russia,infantry fighting vehicles,destroyed,1
2022-02-25 18:38:32,Russia,infantry mobility vehicles,captured,3
2022-02-25 18:38:32,Russia,mine-resistant ambush protected,captured,0
2022-02-25 18:38:32,Russia,mortars,captured,1
2022-02-25 18:38:32,Russia,multiple rocket launchers,captured,1
2022-02-25 18:38:32,Russia,multiple rocket launchers,destroyed,3
2022-02-25 18:38:32,Russia,surface-to-air missile systems,abandoned,1
2022-02-25 18:38:32,Russia,surface-to-air missile systems,destroyed,0
2022-02-25 18:38:32,Russia,tanks,captured,1
2022-02-25 18:38:32,Russia,"trucks, vehicles and jeeps",captured,4
2022-02-25 18:38:32,Russia,"trucks, vehicles and jeeps",destroyed,5
2022-02-25 18:38:32,Ukraine,anti-tank guided missiles,captured,1
2022-02-25 18:38:32,Ukraine,anti-tank guided missiles,optic,2
2022-02-25 18:38:32,Ukraine,infantry fighting vehicles,abandoned,1
2022-02-25 18:38:32,Ukraine,surface-to-air missile systems,destroyed,2
2022-02-25 18:38:32,Ukraine,tanks,damaged,1
2022-02-25 18:38:32,Ukraine,tanks,destroyed,2
2022-02-25 18:38:32,Ukraine,"trucks, vehicles and jeeps",abandoned,1
2022-02-25 18:38:32,Ukraine,"trucks, vehicles and jeeps",damaged,2
2022-02-25 18:38:32,Ukraine,"trucks, vehicles and jeeps",destroyed,7
2022-02-25 19:53:02,Russia,armoured fighting vehicles,captured,1
2022-02-25 19:53:02,Russia,infantry fighting vehicles,destroyed,1
2022-02-25 19:53:02,Russia,"trucks, vehicles and jeeps",destroyed,1
2022-02-25 23:35:28,Ukraine,tanks,abandoned,1
2022-02-26 16:31:27,Russia,anti-tank guided missiles,captured,3
2022-02-26 16:31:27,Russia,communications vehicles,abandoned,1
2022-02-26 16:31:27,Russia,communications vehicles,captured,1
2022-02-26 16:31:27,Russia,engineering vehicles,captured,7
2022-02-26 16:31:27,Russia,engineering vehicles,destroyed,2
2022-02-26 16:31:27,Russia,infantry fighting vehicles,abandoned,4
2022-02-26 16:31:27,Russia,infantry fighting vehicles,captured,2
2022-02-26 16:31:27,Russia,infantry fighting vehicles,destroyed,1
2022-02-26 16:31:27,Russia,infantry mobility vehicles,destroyed,1
2022-02-26 16:31:27,Russia,mine-resistant ambush protected,captured,1
2022-02-26 16:31:27,Russia,multiple rocket launchers,captured,3
2022-02-26 16:31:27,Russia,surface-to-air missile systems,damaged,1
2022-02-26 16:31:27,Russia,tanks,abandoned,1
2022-02-26 16:31:27,Russia,tanks,captured,1
2022-02-26 16:31:27,Russia,tanks,damaged,1
2022-02-26 16:31:27,Russia,tanks,destroyed,2
2022-02-26 16:31:27,Russia,"trucks, vehicles and jeeps",abandoned,5
2022-02-26 16:31:27,Russia,"trucks, vehicles and jeeps",captured,3
2022-02-26 16:31:27,Russia,"trucks, vehicles and jeeps",destroyed,10
2022-02-26 16:31:27,Ukraine,armoured fighting vehicles,abandoned,8
2022-02-26 16:31:27,Ukraine,armoured personnel carriers,abandoned,1
2022-02-26 16:31:27,Ukraine,infantry fighting vehicles,abandoned,2
2022-02-26 16:31:27,Ukraine,surface-to-air missile systems,destroyed,1
2022-02-26 16:31:27,Ukraine,tanks,abandoned,4
2022-02-26 16:31:27,Ukraine,tanks,destroyed,1
2022-02-26 16:31:27,Ukraine,towed artillery,abandoned,2
2022-02-26 16:31:27,Ukraine,"trucks, vehicles and jeeps",abandoned,2
2022-02-26 16:31:27,Ukraine,"trucks, vehicles and jeeps",destroyed,3
2022-02-26 17:23:01,Russia,infantry mobility vehicles,destroyed,1
2022-02-26 17:23:01,Ukraine,infantry fighting vehicles,captured,1
2022-02-26 17:23:01,Ukraine,infantry mobility vehicles,destroyed,1
2022-02-26 17:23:01,Ukraine,"trucks, vehicles and jeeps",captured,1
2022-02-27 05:16:03,Russia,anti-tank guided missiles,captured,1
2022-02-27 05:16:03,Russia,armoured fighting vehicles,captured,1
2022-02-27 05:16:03,Russia,armoured personnel carriers,captured,1
2022-02-27 05:16:03,Russia,armoured personnel carriers,destroyed,3
2022-02-27 05:16:03,Russia,helicopters,destroyed,1
2022-02-27 05:16:03,Russia,infantry fighting vehicles,abandoned,1
2022-02-27 05:16:03,Russia,infantry fighting vehicles,captured,2
2022-02-27 05:16:03,Russia,infantry fighting vehicles,destroyed,1
2022-02-27 05:16:03,Russia,mortars,captured,1
2022-02-27 05:16:03,Russia,tanks,abandoned,1
2022-02-27 05:16:03,Russia,"trucks, vehicles and jeeps",captured,4
2022-02-27 05:16:03,Ukraine,armoured fighting vehicles,abandoned,2
2022-02-27 05:16:03,Ukraine,infantry mobility vehicles,captured,2
2022-02-27 05:16:03,Ukraine,"trucks, vehicles and jeeps",abandoned,2
2022-02-27 07:16:52,Russia,armoured fighting vehicles,destroyed,2
2022-02-27 07:16:52,Russia,armoured personnel carriers,destroyed,1
2022-02-27 07:16:52,Russia,infantry mobility vehicles,abandoned,1
2022-02-27 07:16:52,Russia,infantry mobility vehicles,destroyed,3
2022-02-27 07:16:52,Russia,tanks,abandoned,1
2022-02-27 07:16:52,Russia,"trucks, vehicles and jeeps",abandoned,9
2022-02-27 07:16:52,Russia,"trucks, vehicles and jeeps",captured,1
2022-02-27 07:16:52,Russia,"trucks, vehicles and jeeps",destroyed,14
2022-02-27 07:16:52,Ukraine,armoured fighting vehicles,destroyed,1
2022-02-27 16:07:20,Russia,armoured fighting vehicles,captured,1
2022-02-27 16:47:33,Russia,armoured personnel carriers,captured,1
2022-02-27 16:47:33,Russia,surface-to-air missile systems,destroyed,1
2022-02-27 16:47:33,Russia,"trucks, vehicles and jeeps",destroyed,1
2022-02-27 20:34:12,Russia,infantry mobility vehicles,captured,3
2022-02-27 20:34:12,Russia,infantry mobility vehicles,destroyed,1
2022-02-27 20:34:12,Russia,surface-to-air missile systems,destroyed,2
2022-02-27 20:34:12,Russia,"trucks, vehicles and jeeps",destroyed,10
2022-02-27 21:43:45,Russia,infantry mobility vehicles,captured,1
2022-02-27 21:43:45,Russia,tanks,captured,1
2022-02-27 21:43:45,Ukraine,aircraft,destroyed,5
2022-02-27 21:43:45,Ukraine,infantry mobility vehicles,captured,1
2022-02-27 21:43:45,Ukraine,tanks,destroyed,1
2022-02-28 00:57:24,Russia,armoured fighting vehicles,abandoned,1
2022-02-28 00:57:24,Russia,armoured fighting vehicles,captured,3
2022-02-28 00:57:24,Russia,artillery,captured,-2
2022-02-28 00:57:24,Russia,artillery,destroyed,-2
2022-02-28 00:57:24,Russia,engineering vehicles,destroyed,3
2022-02-28 00:57:24,Russia,infantry fighting vehicles,abandoned,3
2022-02-28 00:57:24,Russia,infantry fighting vehicles,captured,2
2022-02-28 00:57:24,Russia,infantry fighting vehicles,destroyed,4
2022-02-28 00:57:24,Russia,infantry mobility vehicles,destroyed,3
2022-02-28 00:57:24,Russia,self-propelled anti-aircraft guns,abandoned,2
2022-02-28 00:57:24,Russia,self-propelled artillery,abandoned,1
2022-02-28 00:57:24,Russia,surface-to-air missile systems,abandoned,1
2022-02-28 00:57:24,Russia,tanks,abandoned,2
2022-02-28 00:57:24,Russia,tanks,captured,2
2022-02-28 00:57:24,Russia,tanks,destroyed,3
2022-02-28 00:57:24,Russia,towed artillery,captured,2
2022-02-28 00:57:24,Russia,towed artillery,destroyed,2
2022-02-28 00:57:24,Russia,"trucks, vehicles and jeeps",abandoned,1
2022-02-28 00:57:24,Russia,"trucks, vehicles and jeeps",destroyed,5
2022-02-28 00:57:24,Ukraine,anti-tank guided missiles,captured,6
2022-02-28 00:57:24,Ukraine,anti-tank guided missiles,optic,-2
2022-02-28 00:57:24,Ukraine,armoured fighting vehicles,destroyed,2
2022-02-28 00:57:24,Ukraine,man-portable air defence systems,captured,2
2022-02-28 00:57:24,Ukraine,tanks,abandoned,2
2022-02-28 00:57:24,Ukraine,tanks,damaged,-1
2022-02-28 00:57:24,Ukraine,tanks,destroyed,1
2022-02-28 00:57:24,Ukraine,"trucks, vehicles and jeeps",captured,1
2022-02-28 08:27:41,Russia,infantry fighting vehicles,abandoned,2
2022-02-28 08:27:41,Russia,infantry fighting vehicles,destroyed,1
2022-02-28 08:27:41,Russia,infantry mobility vehicles,destroyed,1
2022-02-28 08:27:41,Russia,tanks,abandoned,3
2022-02-28 08:27:41,Russia,tanks,captured,5
2022-02-28 08:27:41,Russia,tanks,destroyed,2
2022-02-28 08:27:41,Ukraine,self-propelled artillery,abandoned,1
2022-02-28 08:27:41,Ukraine,surface-to-air missile systems,destroyed,2
2022-02-28 17:21:38,Russia,anti-tank guided missiles,captured,1
2022-02-28 17:21:38,Russia,armoured fighting vehicles,abandoned,2
2022-02-28 17:21:38,Russia,armoured fighting vehicles,destroyed,8
2022-02-28 17:21:38,Russia,armoured personnel carriers,abandoned,4
2022-02-28 17:21:38,Russia,armoured personnel carriers,captured,2
2022-02-28 17:21:38,Russia,armoured personnel carriers,destroyed,1
2022-02-28 17:21:38,Russia,heavy mortars,captured,2
2022-02-28 17:21:38,Russia,helicopters,destroyed,1
2022-02-28 17:21:38,Russia,infantry fighting vehicles,abandoned,5
2022-02-28 17:21:38,Russia,infantry fighting vehicles,captured,2
2022-02-28 17:21:38,Russia,infantry fighting vehicles,destroyed,3
2022-02-28 17:21:38,Russia,man-portable air defence systems,captured,1
2022-02-28 17:21:38,Russia,mine-resistant ambush protected,destroyed,1
2022-02-28 17:21:38,Russia,mortars,captured,-2
2022-02-28 17:21:38,Russia,self-propelled artillery,abandoned,1
2022-02-28 17:21:38,Russia,self-propelled artillery,captured,1
2022-02-28 17:21:38,Russia,self-propelled artillery,destroyed,1
2022-02-28 17:21:38,Russia,surface-to-air missile systems,abandoned,2
2022-02-28 17:21:38,Russia,surface-to-air missile systems,captured,2
2022-02-28 17:21:38,Russia,surface-to-air missile systems,destroyed,2
2022-02-28 17:21:38,Russia,tanks,captured,1
2022-02-28 17:21:38,Russia,tanks,destroyed,4
2022-02-28 17:21:38,Russia,"trucks, vehicles and jeeps",abandoned,2
2022-02-28 17:21:38,Russia,"trucks, vehicles and jeeps",captured,5
2022-02-28 17:21:38,Russia,"trucks, vehicles and jeeps",destroyed,6
2022-02-28 17:21:38,Ukraine,anti-tank guided missiles,captured,5
2022-02-28 17:21:38,Ukraine,armoured fighting vehicles,captured,3
2022-02-28 17:21:38,Ukraine,armoured fighting vehicles,destroyed,2
2022-02-28 17:21:38,Ukraine,armoured personnel carriers,captured,5
2022-02-28 17:21:38,Ukraine,armoured personnel carriers,destroyed,1
2022-02-28 17:21:38,Ukraine,man-portable air defence systems,captured,5
2022-02-28 17:21:38,Ukraine,self-propelled artillery,destroyed,2
2022-02-28 17:21:38,Ukraine,tanks,abandoned,2
2022-02-28 19:44:32,Russia,armoured personnel carriers,abandoned,1
2022-02-28 19:44:32,Russia,mine-resistant ambush protected,captured,0
2022-02-28 19:44:32,Russia,mine-resistant ambush protected,destroyed,0
2022-02-28 19:44:32,Russia,multiple rocket launchers,captured,1
2022-02-28 19:44:32,Ukraine,armoured fighting vehicles,captured,1
2022-02-28 19:44:32,Ukraine,tanks,captured,1
2022-02-28 21:21:23,Russia,armoured fighting vehicles,abandoned,3
2022-02-28 21:21:23,Russia,armoured fighting vehicles,captured,1
2022-02-28 21:21:23,Russia,infantry fighting vehicles,abandoned,2
2022-02-28 21:21:23,Russia,infantry fighting vehicles,destroyed,1
2022-02-28 21:21:23,Russia,jammers and deception systems,damaged,1
2022-02-28 21:21:23,Russia,self-propelled artillery,abandoned,1
2022-02-28 21:21:23,Russia,tanks,abandoned,6
2022-02-28 21:21:23,Russia,tanks,destroyed,1
2022-02-28 23:17:17,Russia,armoured fighting vehicles,destroyed,2
2022-02-28 23:17:17,Russia,engineering vehicles,abandoned,1
2022-02-28 23:17:17,Russia,infantry fighting vehicles,abandoned,2
2022-02-28 23:17:17,Russia,infantry fighting vehicles,captured,1
2022-02-28 23:17:17,Russia,tanks,abandoned,2
2022-02-28 23:17:17,Russia,"trucks, vehicles and jeeps",abandoned,1
2022-02-28 23:17:17,Russia,"trucks, vehicles and jeeps",captured,11
2022-02-28 23:17:17,Russia,"trucks, vehicles and jeeps",destroyed,1
2022-02-28 23:17:17,Ukraine,infantry mobility vehicles,captured,1
2022-03-01 00:53:36,Russia,logistics trains,destroyed,2
2022-03-01 00:53:36,Russia,"trucks, vehicles and jeeps",destroyed,2
2022-03-01 04:02:27,Russia,armoured fighting vehicles,destroyed,1
2022-03-01 04:02:27,Russia,armoured personnel carriers,captured,-2
2022-03-01 04:02:27,Russia,armoured personnel carriers,destroyed,2
2022-03-01 04:02:27,Russia,communications stations,abandoned,1
2022-03-01 04:02:27,Russia,communications stations,captured,1
2022-03-01 04:02:27,Russia,communications stations,destroyed,1
2022-03-01 04:02:27,Russia,communications vehicles,abandoned,-1
2022-03-01 04:02:27,Russia,communications vehicles,captured,-1
2022-03-01 18:53:29,Russia,anti-tank guided missiles,captured,1
2022-03-01 18:53:29,Russia,armoured fighting vehicles,abandoned,2
2022-03-01 18:53:29,Russia,armoured fighting vehicles,captured,2
2022-03-01 18:53:29,Russia,engineering vehicles,captured,1
2022-03-01 18:53:29,Russia,helicopters,damaged,1
2022-03-01 18:53:29,Russia,helicopters,destroyed,1
2022-03-01 18:53:29,Russia,infantry fighting vehicles,abandoned,1
2022-03-01 18:53:29,Russia,infantry fighting vehicles,captured,3
2022-03-01 18:53:29,Russia,infantry fighting vehicles,destroyed,1
2022-03-01 18:53:29,Russia,infantry mobility vehicles,abandoned,1
2022-03-01 18:53:29,Russia,infantry mobility vehicles,destroyed,1
2022-03-01 18:53:29,Russia,multiple rocket launchers,captured,1
2022-03-01 18:53:29,Russia,self-propelled artillery,abandoned,1
2022-03-01 18:53:29,Russia,self-propelled artillery,captured,0
2022-03-01 18:53:29,Russia,self-propelled artillery,destroyed,0
2022-03-01 18:53:29,Russia,surface-to-air missile systems,abandoned,-1
2022-03-01 18:53:29,Russia,surface-to-air missile systems,captured,2
2022-03-01 18:53:29,Russia,tanks,abandoned,3
2022-03-01 18:53:29,Russia,"trucks, vehicles and jeeps",abandoned,1
2022-03-01 18:53:29,Russia,"trucks, vehicles and jeeps",captured,3
2022-03-01 18:53:29,Russia,"trucks, vehicles and jeeps",destroyed,3
2022-03-01 18:53:29,Ukraine,armoured fighting vehicles,destroyed,1
2022-03-02 06:53:31,Russia,armoured fighting vehicles,abandoned,1
2022-03-02 06:53:31,Russia,armoured fighting vehicles,captured,3
2022-03-02 06:53:31,Russia,armoured fighting vehicles,destroyed,1
2022-03-02 06:53:31,Russia,armoured personnel carriers,abandoned,1
2022-03-02 06:53:31,Russia,armoured personnel carriers,captured,3
2022-03-02 06:53:31,Russia,armoured personnel carriers,destroyed,2
2022-03-02 06:53:31,Russia,communications stations,abandoned,2
2022-03-02 06:53:31,Russia,engineering vehicles,abandoned,2
2022-03-02 06:53:31,Russia,engineering vehicles,destroyed,4
2022-03-02 06:53:31,Russia,infantry fighting vehicles,abandoned,3
2022-03-02 06:53:31,Russia,infantry fighting vehicles,captured,2
2022-03-02 06:53:31,Russia,infantry fighting vehicles,destroyed,2
2022-03-02 06:53:31,Russia,multiple rocket launchers,abandoned,1
2022-03-02 06:53:31,Russia,multiple rocket launchers,destroyed,1
2022-03-02 06:53:31,Russia,self-propelled anti-aircraft guns,captured,1
2022-03-02 06:53:31,Russia,self-propelled artillery,abandoned,2
2022-03-02 06:53:31,Russia,surface-to-air missile systems,destroyed,1
2022-03-02 06:53:31,Russia,tanks,abandoned,1
2022-03-02 06:53:31,Russia,tanks,captured,1
2022-03-02 06:53:31,Russia,tanks,destroyed,3
2022-03-02 06:53:31,Russia,towed artillery,abandoned,2
2022-03-02 06:53:31,Russia,"trucks, vehicles and jeeps",abandoned,12
2022-03-02 06:53:31,Russia,"trucks, vehicles and jeeps",captured,3
2022-03-02 06:53:31,Russia,"trucks, vehicles and jeeps",destroyed,11
2022-03-02 06:53:31,Ukraine,infantry mobility vehicles,abandoned,1
2022-03-02 06:53:31,Ukraine,self-propelled artillery,captured,1
2022-03-02 06:53:31,Ukraine,"trucks, vehicles and jeeps",abandoned,1
2022-03-02 12:51:10,Russia,anti-tank guided missiles,captured,12
2022-03-02 12:51:10,Russia,armoured fighting vehicles,abandoned,2
2022-03-02 12:51:10,Russia,armoured fighting vehicles,captured,2
2022-03-02 12:51:10,Russia,armoured fighting vehicles,destroyed,1
2022-03-02 12:51:10,Russia,armoured personnel carriers,abandoned,1
2022-03-02 12:51:10,Russia,infantry fighting vehicles,captured,3
2022-03-02 12:51:10,Russia,infantry fighting vehicles,destroyed,1
2022-03-02 12:51:10,Russia,infantry mobility vehicles,captured,1
2022-03-02 12:51:10,Russia,self-propelled artillery,abandoned,1
2022-03-02 12:51:10,Russia,self-propelled artillery,destroyed,1
2022-03-02 12:51:10,Russia,tanks,captured,2
2022-03-02 12:51:10,Russia,tanks,destroyed,1
2022-03-02 12:51:10,Russia,"trucks, vehicles and jeeps",captured,3
2022-03-02 12:51:10,Russia,"trucks, vehicles and jeeps",destroyed,1
2022-03-02 14:26:53,Russia,armoured personnel carriers,captured,1
2022-03-02 14:26:53,Russia,infantry fighting vehicles,captured,1
2022-03-02 14:26:53,Russia,infantry fighting vehicles,destroyed,1
2022-03-02 14:26:53,Russia,infantry mobility vehicles,destroyed,1
2022-03-02 14:26:53,Russia,surface-to-air missile systems,captured,1
2022-03-02 14:26:53,Russia,tanks,captured,1
2022-03-02 14:26:53,Russia,"trucks, vehicles and jeeps",captured,4
2022-03-02 14:26:53,Russia,"trucks, vehicles and jeeps",destroyed,2
2022-03-02 14:26:53,Ukraine,infantry mobility vehicles,captured,1
2022-03-02 14:26:53,Ukraine,tanks,captured,2
2022-03-02 14:26:53,Ukraine,tanks,destroyed,1
2022-03-02 14:26:53,Ukraine,towed artillery,abandoned,1
2022-03-02 14:26:53,Ukraine,"trucks, vehicles and jeeps",destroyed,3
2022-03-02 15:10:16,Russia,surface-to-air missile systems,destroyed,1
2022-03-02 15:10:16,Russia,"trucks, vehicles and jeeps",abandoned,2
2022-03-02 17:13:31,Russia,armoured fighting vehicles,abandoned,1
2022-03-02 17:13:31,Russia,armoured fighting vehicles,destroyed,1
2022-03-02 17:13:31,Russia,armoured personnel carriers,abandoned,2
2022-03-02 17:13:31,Russia,infantry fighting vehicles,captured,1
2022-03-02 17:13:31,Russia,tanks,abandoned,1
2022-03-02 17:13:31,Russia,tanks,captured,1
2022-03-02 17:13:31,Russia,"trucks, vehicles and jeeps",abandoned,2
2022-03-02 17:13:31,Russia,"trucks, vehicles and jeeps",captured,3
2022-03-02 17:13:31,Russia,"trucks, vehicles and jeeps",destroyed,2
2022-03-02 17:13:31,Ukraine,tanks,abandoned,1
2022-03-02 17:13:31,Ukraine,"trucks, vehicles and jeeps",destroyed,1
2022-03-02 18:20:06,Russia,armoured fighting vehicles,abandoned,2
2022-03-02 20:55:59,Russia,aircraft,destroyed,1
2022-03-02 20:55:59,Russia,armoured fighting vehicles,abandoned,-1
2022-03-02 20:55:59,Russia,helicopters,abandoned,2
2022-03-02 20:55:59,Russia,helicopters,damaged,-1
2022-03-02 20:55:59,Russia,unmanned aerial vehicles,captured,1
2022-03-03 00:28:12,Russia,anti-tank guided missiles,captured,3
2022-03-03 00:28:12,Russia,armoured fighting vehicles,abandoned,1
2022-03-03 00:28:12,Russia,armoured fighting vehicles,captured,1
2022-03-03 00:28:12,Russia,armoured fighting vehicles,destroyed,1
2022-03-03 00:28:12,Russia,armoured personnel carriers,captured,3
2022-03-03 00:28:12,Russia,communications stations,abandoned,1
2022-03-03 00:28:12,Russia,infantry fighting vehicles,captured,2
2022-03-03 00:28:12,Russia,infantry fighting vehicles,destroyed,1
2022-03-03 00:28:12,Russia,mine-resistant ambush protected,destroyed,1
2022-03-03 00:28:12,Russia,multiple rocket launchers,destroyed,2
2022-03-03 00:28:12,Russia,self-propelled artillery,captured,2
2022-03-03 00:28:12,Russia,tanks,abandoned,1
2022-03-03 00:28:12,Russia,tanks,destroyed,1
2022-03-03 00:28:12,Russia,"trucks, vehicles and jeeps",captured,5
2022-03-03 00:28:12,Russia,"trucks, vehicles and jeeps",destroyed,6
2022-03-03 00:28:12,Ukraine,anti-tank guided missiles,captured,5
2022-03-03 00:28:12,Ukraine,armoured fighting vehicles,captured,1
2022-03-03 00:28:12,Ukraine,armoured fighting vehicles,destroyed,1
2022-03-03 00:28:12,Ukraine,armoured personnel carriers,captured,4
2022-03-03 00:28:12,Ukraine,infantry mobility vehicles,captured,2
2022-03-03 00:28:12,Ukraine,tanks,captured,2
2022-03-03 00:28:12,Ukraine,tanks,destroyed,3
2022-03-03 00:28:12,Ukraine,towed artillery,captured,1
2022-03-03 00:28:12,Ukraine,"trucks, vehicles and jeeps",captured,1
2022-03-03 00:28:12,Ukraine,"trucks, vehicles and jeeps",destroyed,1
2022-03-03 04:41:08,Russia,armoured fighting vehicles,abandoned,1
2022-03-03 04:41:08,Russia,communications stations,destroyed,1
2022-03-03 04:41:08,Russia,infantry fighting vehicles,captured,2
2022-03-03 04:41:08,Russia,tanks,captured,3
2022-03-03 04:41:08,Russia,towed artillery,abandoned,1
2022-03-03 04:41:08,Russia,towed artillery,destroyed,1
2022-03-03 04:41:08,Russia,"trucks, vehicles and jeeps",damaged,1
2022-03-03 04:41:08,Russia,"trucks, vehicles and jeeps",destroyed,3
2022-03-03 04:41:08,Ukraine,infantry fighting vehicles,captured,1
2022-03-03 14:38:32,Russia,engineering vehicles,captured,1
2022-03-03 14:38:32,Russia,infantry fighting vehicles,destroyed,2
2022-03-03 14:38:32,Ukraine,anti-aircraft guns,captured,1
2022-03-03 14:38:32,Ukraine,infantry fighting vehicles,captured,5
2022-03-03 14:38:32,Ukraine,infantry mobility vehicles,captured,1
2022-03-03 14:38:32,Ukraine,man-portable air defence systems,captured,7
2022-03-03 14:38:32,Ukraine,"trucks, vehicles and jeeps",captured,1
2022-03-03 16:24:03,Russia,armoured fighting vehicles,destroyed,2
2022-03-03 16:24:03,Russia,armoured personnel carriers,captured,1
2022-03-03 16:24:03,Russia,infantry fighting vehicles,captured,1
2022-03-03 16:24:03,Russia,infantry fighting vehicles,destroyed,1
2022-03-03 16:24:03,Russia,self-propelled artillery,destroyed,1
2022-03-03 16:24:03,Russia,tanks,captured,3
2022-03-03 16:24:03,Russia,tanks,destroyed,2
2022-03-03 16:24:03,Ukraine,infantry fighting vehicles,captured,3
2022-03-03 16:24:03,Ukraine,surface-to-air missile systems,destroyed,1
2022-03-03 16:24:03,Ukraine,tanks,captured,5
2022-03-03 16:24:03,Ukraine,"trucks, vehicles and jeeps",destroyed,1
2022-03-04 01:36:58,Russia,anti-tank guided missiles,captured,4
2022-03-04 01:36:58,Russia,armoured fighting vehicles,captured,6
2022-03-04 01:36:58,Russia,armoured fighting vehicles,destroyed,1
2022-03-04 01:36:58,Russia,armoured personnel carriers,destroyed,2
2022-03-04 01:36:58,Russia,communications stations,captured,1
2022-03-04 01:36:58,Russia,infantry fighting vehicles,abandoned,2
2022-03-04 01:36:58,Russia,infantry fighting vehicles,captured,4
2022-03-04 01:36:58,Russia,infantry fighting vehicles,destroyed,1
2022-03-04 01:36:58,Russia,man-portable air defence systems,captured,2
2022-03-04 01:36:58,Russia,multiple rocket launchers,abandoned,1
2022-03-04 01:36:58,Russia,multiple rocket launchers,captured,1
2022-03-04 01:36:58,Russia,self-propelled anti-aircraft guns,destroyed,4
2022-03-04 01:36:58,Russia,self-propelled artillery,abandoned,1
2022-03-04 01:36:58,Russia,self-propelled artillery,captured,1
2022-03-04 01:36:58,Russia,tanks,abandoned,1
2022-03-04 01:36:58,Russia,tanks,captured,9
2022-03-04 01:36:58,Russia,tanks,destroyed,5
2022-03-04 01:36:58,Russia,"trucks, vehicles and jeeps",abandoned,3
2022-03-04 01:36:58,Russia,"trucks, vehicles and jeeps",captured,3
2022-03-04 01:36:58,Russia,"trucks, vehicles and jeeps",destroyed,6
2022-03-04 01:36:58,Ukraine,anti-tank guided missiles,captured,9
2022-03-04 01:36:58,Ukraine,naval ships,destroyed,1
2022-03-04 01:36:58,Ukraine,"trucks, vehicles and jeeps",captured,1
2022-03-04 01:36:58,Ukraine,"trucks, vehicles and jeeps",destroyed,1
2022-03-04 12:09:35,Russia,aircraft,destroyed,1
2022-03-04 12:09:35,Russia,tanks,captured,2
2022-03-04 12:09:35,Russia,tanks,destroyed,-1
2022-03-04 12:09:35,Ukraine,aircraft,destroyed,-5
2022-03-04 12:09:35,Ukraine,infantry mobility vehicles,captured,1
2022-03-04 12:09:35,Ukraine,tanks,captured,1
2022-03-04 12:20:10,Russia,engineering vehicles,captured,1
2022-03-04 23:36:29,Russia,aircraft,destroyed,1
2022-03-04 23:36:29,Russia,anti-tank guided missiles,captured,1
2022-03-04 23:36:29,Russia,armoured fighting vehicles,captured,3
2022-03-04 23:36:29,Russia,armoured personnel carriers,captured,3
2022-03-04 23:36:29,Russia,engineering vehicles,captured,1
2022-03-04 23:36:29,Russia,heavy mortars,captured,1
2022-03-04 23:36:29,Russia,helicopters,destroyed,1
2022-03-04 23:36:29,Russia,infantry fighting vehicles,destroyed,2
2022-03-04 23:36:29,Russia,infantry mobility vehicles,captured,1
2022-03-04 23:36:29,Russia,self-propelled anti-aircraft guns,captured,-1
2022-03-04 23:36:29,Russia,self-propelled anti-aircraft guns,destroyed,1
2022-03-04 23:36:29,Russia,surface-to-air missile systems,captured,1
2022-03-04 23:36:29,Russia,tanks,captured,5
2022-03-04 23:36:29,Russia,tanks,damaged,1
2022-03-04 23:36:29,Russia,tanks,destroyed,2
2022-03-04 23:36:29,Russia,towed artillery,destroyed,1
2022-03-04 23:36:29,Russia,"trucks, vehicles and jeeps",abandoned,1
2022-03-04 23:36:29,Russia,"trucks, vehicles and jeeps",captured,10
2022-03-04 23:36:29,Russia,"trucks, vehicles and jeeps",destroyed,4
2022-03-04 23:36:29,Ukraine,aircraft,destroyed,7
2022-03-04 23:36:29,Ukraine,anti-tank guided missiles,captured,-26
2022-03-04 23:36:29,Ukraine,armoured fighting vehicles,captured,1
2022-03-04 23:36:29,Ukraine,armoured personnel carriers,destroyed,1
2022-03-04 23:36:29,Ukraine,infantry fighting vehicles,abandoned,2
2022-03-04 23:36:29,Ukraine,tanks,captured,5
2022-03-04 23:36:29,Ukraine,tanks,destroyed,2
2022-03-04 23:48:45,Russia,tanks,destroyed,1
2022-03-04 23:48:45,Ukraine,tanks,captured,1
2022-03-04 23:56:36,Russia,tanks,captured,1
2022-03-04 23:56:36,Ukraine,"trucks, vehicles and jeeps",captured,1
2022-03-05 01:06:40,Russia,infantry fighting vehicles,captured,2
2022-03-05 01:06:40,Russia,infantry fighting vehicles,destroyed,3
2022-03-05 01:06:40,Russia,tanks,abandoned,1
2022-03-05 01:06:40,Russia,tanks,captured,1
2022-03-05 01:06:40,Russia,tanks,destroyed,1
2022-03-05 01:06:40,Ukraine,anti-tank guided missiles,captured,27
2022-03-05 01:06:40,Ukraine,armoured personnel carriers,destroyed,1
2022-03-05 01:06:40,Ukraine,self-propelled artillery,destroyed,1
2022-03-05 01:06:40,Ukraine,surface-to-air missile systems,destroyed,1
2022-03-05 01:21:15,Russia,infantry fighting vehicles,destroyed,1
2022-03-05 01:21:15,Russia,tanks,destroyed,1
2022-03-05 08:21:26,Russia,anti-tank guided missiles,captured,0
2022-03-05 08:21:26,Russia,communications stations,abandoned,0
2022-03-05 08:21:26,Russia,communications stations,captured,0
2022-03-05 08:21:26,Russia,communications stations,destroyed,0
2022-03-05 08:21:26,Russia,infantry fighting vehicles,captured,1
2022-03-05 08:21:26,Russia,tanks,captured,1
2022-03-05 13:01:40,Russia,aircraft,destroyed,1
2022-03-05 13:01:40,Russia,armoured fighting vehicles,destroyed,2
2022-03-05 13:01:40,Russia,infantry fighting vehicles,abandoned,-2
2022-03-05 13:01:40,Russia,infantry mobility vehicles,destroyed,1
2022-03-05 13:01:40,Russia,tanks,abandoned,-1
2022-03-05 13:01:40,Russia,tanks,captured,3
2022-03-05 13:01:40,Russia,"trucks, vehicles and jeeps",abandoned,4
2022-03-05 13:01:40,Russia,"trucks, vehicles and jeeps",captured,2
2022-03-05 13:01:40,Russia,"trucks, vehicles and jeeps",destroyed,2
2022-03-05 13:01:40,Ukraine,aircraft,destroyed,-7
2022-03-05 17:04:03,Russia,aircraft,destroyed,2
2022-03-05 17:04:03,Russia,armoured fighting vehicles,captured,5
2022-03-05 17:04:03,Russia,armoured fighting vehicles,destroyed,1
2022-03-05 17:04:03,Russia,armoured personnel carriers,captured,1
2022-03-05 17:04:03,Russia,helicopters,destroyed,3
2022-03-05 17:04:03,Russia,infantry fighting vehicles,captured,3
2022-03-05 17:04:03,Russia,infantry fighting vehicles,destroyed,3
2022-03-05 17:04:03,Russia,infantry mobility vehicles,destroyed,1
2022-03-05 17:04:03,Russia,multiple rocket launchers,captured,1
2022-03-05 17:04:03,Russia,surface-to-air missile systems,captured,2
2022-03-05 17:04:03,Russia,tanks,abandoned,1
2022-03-05 17:04:03,Russia,tanks,captured,4
2022-03-05 17:04:03,Russia,tanks,destroyed,1
2022-03-05 17:04:03,Russia,"trucks, vehicles and jeeps",captured,2
2022-03-05 17:04:03,Russia,"trucks, vehicles and jeeps",destroyed,3
2022-03-05 17:04:03,Russia,unmanned aerial vehicles,destroyed,1
2022-03-05 17:04:03,Ukraine,aircraft,destroyed,7
2022-03-05 17:04:03,Ukraine,armoured fighting vehicles,captured,1
2022-03-05 17:04:03,Ukraine,armoured personnel carriers,captured,1
2022-03-05 17:04:03,Ukraine,infantry fighting vehicles,captured,1
2022-03-05 17:04:03,Ukraine,tanks,captured,2
2022-03-05 17:04:03,Ukraine,"trucks, vehicles and jeeps",captured,3
2022-03-05 17:09:39,Ukraine,infantry fighting vehicles,captured,1
2022-03-05 18:54:11,Russia,anti-tank guided missiles,captured,1
2022-03-05 18:54:11,Russia,armoured personnel carriers,captured,3
2022-03-05 18:54:11,Russia,engineering vehicles,abandoned,1
2022-03-05 18:54:11,Russia,helicopters,destroyed,-1
2022-03-05 18:54:11,Russia,infantry fighting vehicles,captured,4
2022-03-05 18:54:11,Russia,infantry fighting vehicles,destroyed,1
2022-03-05 18:54:11,Russia,"trucks, vehicles and jeeps",damaged,3
2022-03-05 18:54:11,Ukraine,aircraft,destroyed,1
2022-03-05 18:54:11,Ukraine,anti-tank guided missiles,captured,2
2022-03-05 18:54:11,Ukraine,armoured fighting vehicles,captured,5
2022-03-05 18:54:11,Ukraine,engineering vehicles,captured,1
2022-03-05 18:54:11,Ukraine,infantry mobility vehicles,captured,1
2022-03-05 18:54:11,Ukraine,"trucks, vehicles and jeeps",captured,4
2022-03-05 19:11:28,Russia,engineering vehicles,abandoned,2
2022-03-05 19:11:28,Russia,"trucks, vehicles and jeeps",captured,1
2022-03-05 19:11:28,Ukraine,armoured fighting vehicles,destroyed,1
2022-03-05 19:11:28,Ukraine,infantry fighting vehicles,captured,1
2022-03-05 19:11:28,Ukraine,"trucks, vehicles and jeeps",captured,2
2022-03-05 20:22:00,Russia,aircraft,destroyed,1
2022-03-05 20:22:00,Russia,anti-tank guided missiles,captured,2
2022-03-05 20:22:00,Russia,armoured personnel carriers,captured,2
2022-03-05 20:22:00,Russia,armoured personnel carriers,destroyed,1
2022-03-05 20:22:00,Russia,engineering vehicles,abandoned,4
2022-03-05 20:22:00,Russia,infantry fighting vehicles,captured,4
2022-03-05 20:22:00,Russia,infantry fighting vehicles,destroyed,5
2022-03-05 20:22:00,Russia,infantry mobility vehicles,captured,1
2022-03-05 20:22:00,Russia,infantry mobility vehicles,destroyed,1
2022-03-05 20:22:00,Russia,"trucks, vehicles and jeeps",abandoned,-4
2022-03-05 20:22:00,Russia,"trucks, vehicles and jeeps",captured,5
2022-03-05 20:22:00,Russia,"trucks, vehicles and jeeps",destroyed,2
2022-03-05 21:14:00,Russia,armoured personnel carriers,destroyed,1
2022-03-05 21:14:00,Russia,tanks,captured,2
2022-03-06 05:49:38,Russia,armoured fighting vehicles,abandoned,1
2022-03-06 05:49:38,Russia,armoured fighting vehicles,captured,1
2022-03-06 05:49:38,Russia,armoured personnel carriers,abandoned,1
2022-03-06 05:49:38,Russia,armoured personnel carriers,captured,1
2022-03-06 05:49:38,Russia,engineering vehicles,captured,2
2022-03-06 05:49:38,Russia,man-portable air defence systems,captured,3
2022-03-06 05:49:38,Russia,multiple rocket launchers,captured,1
2022-03-06 05:49:38,Russia,self-propelled artillery,captured,1
2022-03-06 05:49:38,Russia,tanks,destroyed,1
2022-03-06 05:49:38,Russia,"trucks, vehicles and jeeps",abandoned,-4
2022-03-06 05:49:38,Russia,"trucks, vehicles and jeeps",captured,1
2022-03-06 05:49:38,Russia,"trucks, vehicles and jeeps",destroyed,1
2022-03-06 05:49:38,Ukraine,towed artillery,destroyed,1
2022-03-06 05:49:38,Ukraine,"trucks, vehicles and jeeps",destroyed,4
2022-03-06 14:50:00,Russia,anti-tank guided missiles,captured,2
2022-03-06 14:50:00,Russia,armoured fighting vehicles,captured,3
2022-03-06 14:50:00,Russia,armoured personnel carriers,destroyed,1
2022-03-06 14:50:00,Russia,infantry fighting vehicles,abandoned,1
2022-03-06 14:50:00,Russia,infantry fighting vehicles,captured,2
2022-03-06 14:50:00,Russia,infantry fighting vehicles,destroyed,2
2022-03-06 14:50:00,Russia,infantry mobility vehicles,captured,1
2022-03-06 14:50:00,Russia,infantry mobility vehicles,destroyed,2
2022-03-06 14:50:00,Russia,radars,destroyed,1
2022-03-06 14:50:00,Russia,self-propelled artillery,abandoned,1
2022-03-06 14:50:00,Russia,surface-to-air missile systems,destroyed,1
2022-03-06 14:50:00,Russia,tanks,abandoned,3
2022-03-06 14:50:00,Russia,"trucks, vehicles and jeeps",captured,3
2022-03-06 14:50:00,Russia,"trucks, vehicles and jeeps",destroyed,15
2022-03-06 14:50:00,Ukraine,anti-tank guided missiles,captured,3
2022-03-06 14:50:00,Ukraine,multiple rocket launchers,captured,2
2022-03-06 14:50:00,Ukraine,"trucks, vehicles and jeeps",destroyed,3
2022-03-06 17:06:07,Russia,anti-tank guided missiles,captured,16
2022-03-06 17:06:07,Russia,armoured personnel carriers,captured,2
2022-03-06 17:06:07,Russia,infantry fighting vehicles,captured,5
2022-03-06 17:06:07,Russia,tanks,captured,2
2022-03-06 17:06:07,Russia,"trucks, vehicles and jeeps",captured,1
2022-03-06 17:06:07,Ukraine,armoured fighting vehicles,captured,1
2022-03-06 17:06:07,Ukraine,infantry fighting vehicles,captured,1
2022-03-06 17:06:07,Ukraine,infantry mobility vehicles,captured,1
2022-03-06 17:06:07,Ukraine,tanks,destroyed,2
2022-03-06 17:06:07,Ukraine,"trucks, vehicles and jeeps",destroyed,1
2022-03-06 18:50:43,Russia,armoured personnel carriers,captured,1
2022-03-06 18:50:43,Russia,infantry fighting vehicles,destroyed,1
2022-03-06 18:50:43,Russia,tanks,abandoned,-1
2022-03-06 18:50:43,Russia,tanks,captured,5
2022-03-06 18:50:43,Russia,tanks,destroyed,1
2022-03-06 20:55:22,Russia,armoured personnel carriers,captured,2
2022-03-06 20:55:22,Russia,infantry fighting vehicles,destroyed,2
2022-03-06 20:55:22,Russia,man-portable air defence systems,captured,10
2022-03-06 20:55:22,Russia,self-propelled artillery,captured,1
2022-03-06 20:55:22,Russia,tanks,captured,2
2022-03-06 20:55:22,Russia,towed artillery,captured,15
2022-03-06 20:55:22,Russia,"trucks, vehicles and jeeps",captured,5
2022-03-06 20:55:22,Russia,"trucks, vehicles and jeeps",destroyed,9
2022-03-06 20:55:22,Ukraine,tanks,captured,2
2022-03-06 22:56:54,Russia,armoured fighting vehicles,destroyed,2
2022-03-06 22:56:54,Russia,armoured personnel carriers,captured,1
2022-03-06 22:56:54,Russia,armoured personnel carriers,destroyed,1
2022-03-06 22:56:54,Russia,infantry fighting vehicles,destroyed,1
2022-03-06 22:56:54,Russia,"trucks, vehicles and jeeps",captured,1
2022-03-06 22:56:54,Ukraine,tanks,destroyed,1
2022-03-07 01:17:41,Russia,armoured fighting vehicles,captured,1
2022-03-07 01:17:41,Russia,armoured fighting vehicles,destroyed,2
2022-03-07 01:17:41,Russia,armoured personnel carriers,destroyed,1
2022-03-07 01:17:41,Russia,helicopters,destroyed,1
2022-03-07 01:17:41,Russia,multiple rocket launchers,destroyed,1
2022-03-07 01:17:41,Russia,self-propelled artillery,destroyed,1
2022-03-07 01:17:41,Russia,tanks,captured,4
2022-03-07 01:17:41,Russia,tanks,destroyed,6
2022-03-07 01:17:41,Russia,"trucks, vehicles and jeeps",captured,2
2022-03-07 01:17:41,Russia,"trucks, vehicles and jeeps",destroyed,2
2022-03-07 11:38:42,Russia,aircraft,destroyed,1
2022-03-07 11:38:42,Russia,armoured personnel carriers,captured,1
2022-03-07 18:39:44,Russia,armoured fighting vehicles,captured,2
2022-03-07 18:39:44,Russia,armoured personnel carriers,captured,1
2022-03-07 18:39:44,Russia,engineering vehicles,destroyed,1
2022-03-07 18:39:44,Russia,infantry fighting vehicles,captured,3
2022-03-07 18:39:44,Russia,infantry fighting vehicles,destroyed,5
2022-03-07 18:39:44,Russia,multiple rocket launchers,destroyed,1
2022-03-07 18:39:44,Russia,self-propelled artillery,captured,1
2022-03-07 18:39:44,Russia,surface-to-air missile systems,captured,1
2022-03-07 18:39:44,Russia,surface-to-air missile systems,destroyed,1
2022-03-07 18:39:44,Russia,tanks,captured,6
2022-03-07 18:39:44,Russia,tanks,destroyed,4
2022-03-07 18:39:44,Russia,"trucks, vehicles and jeeps",captured,11
2022-03-07 18:39:44,Russia,"trucks, vehicles and jeeps",destroyed,2
2022-03-07 18:39:44,Ukraine,armoured fighting vehicles,captured,1
2022-03-07 18:39:44,Ukraine,infantry mobility vehicles,captured,2
2022-03-07 20:15:17,Russia,armoured fighting vehicles,destroyed,1
2022-03-07 20:15:17,Russia,infantry fighting vehicles,captured,1
2022-03-07 20:15:17,Russia,infantry fighting vehicles,destroyed,3
2022-03-07 20:15:17,Russia,tanks,captured,1
2022-03-07 20:15:17,Russia,"trucks, vehicles and jeeps",abandoned,1
2022-03-07 20:15:17,Russia,"trucks, vehicles and jeeps",destroyed,2
2022-03-07 20:15:17,Ukraine,armoured fighting vehicles,captured,2
2022-03-07 20:15:17,Ukraine,armoured personnel carriers,captured,1
2022-03-07 20:15:17,Ukraine,naval ships,destroyed,1
2022-03-07 20:15:17,Ukraine,towed artillery,captured,9
2022-03-07 20:15:17,Ukraine,"trucks, vehicles and jeeps",captured,1
2022-03-07 20:15:17,Ukraine,unmanned aerial vehicles,captured,1
2022-03-08 05:40:13,Russia,armoured fighting vehicles,captured,2
2022-03-08 05:40:13,Russia,armoured personnel carriers,captured,-2
2022-03-08 05:40:13,Russia,engineering vehicles,abandoned,1
2022-03-08 05:40:13,Russia,mine-resistant ambush protected,abandoned,1
2022-03-08 05:40:13,Russia,self-propelled artillery,captured,1
2022-03-08 05:40:13,Russia,surface-to-air missile systems,destroyed,1
2022-03-08 05:40:13,Russia,tanks,captured,2
2022-03-08 05:40:13,Russia,"trucks, vehicles and jeeps",destroyed,1
2022-03-08 05:40:13,Ukraine,"trucks, vehicles and jeeps",captured,5
2022-03-08 12:32:00,Russia,armoured fighting vehicles,captured,1
2022-03-08 12:32:00,Russia,tanks,captured,-2
2022-03-08 12:32:00,Russia,"trucks, vehicles and jeeps",destroyed,2
2022-03-08 13:32:45,Russia,tanks,abandoned,1
2022-03-08 13:32:45,Russia,tanks,captured,-1
2022-03-08 13:32:45,Russia,"trucks, vehicles and jeeps",captured,1
2022-03-08 13:32:45,Russia,"trucks, vehicles and jeeps",damaged,3
2022-03-08 13:32:45,Russia,"trucks, vehicles and jeeps",destroyed,1
2022-03-08 13:32:45,Ukraine,surface-to-air missile systems,destroyed,1
2022-03-08 15:19:30,Russia,armoured fighting vehicles,captured,1
2022-03-08 15:19:30,Russia,infantry mobility vehicles,captured,1
2022-03-08 15:19:30,Russia,tanks,captured,2
2022-03-08 15:19:30,Russia,tanks,destroyed,3
2022-03-08 15:19:30,Russia,"trucks, vehicles and jeeps",captured,1
2022-03-08 18:22:25,Russia,anti-tank guided missiles,captured,1
2022-03-08 18:22:25,Russia,armoured fighting vehicles,abandoned,1
2022-03-08 18:22:25,Russia,infantry fighting vehicles,captured,2
2022-03-08 18:22:25,Russia,infantry fighting vehicles,destroyed,2
2022-03-08 18:22:25,Russia,self-propelled artillery,captured,1
2022-03-08 18:22:25,Russia,tanks,abandoned,1
2022-03-08 18:22:25,Russia,tanks,destroyed,3
2022-03-08 18:22:25,Russia,"trucks, vehicles and jeeps",abandoned,1
2022-03-08 18:22:25,Russia,"trucks, vehicles and jeeps",captured,3
2022-03-08 18:22:25,Russia,"trucks, vehicles and jeeps",destroyed,4
2022-03-08 18:22:25,Ukraine,infantry mobility vehicles,damaged,1
2022-03-08 21:16:42,Russia,armoured fighting vehicles,destroyed,1
2022-03-08 21:16:42,Russia,armoured personnel carriers,captured,1
2022-03-08 21:16:42,Russia,infantry fighting vehicles,captured,3
2022-03-08 21:16:42,Russia,self-propelled artillery,abandoned,1
2022-03-08 21:16:42,Russia,self-propelled artillery,captured,1
2022-03-08 21:16:42,Russia,tanks,abandoned,2
2022-03-08 21:16:42,Russia,tanks,captured,-1
2022-03-08 21:16:42,Russia,tanks,destroyed,1
2022-03-08 21:16:42,Russia,"trucks, vehicles and jeeps",captured,3
2022-03-09 01:16:35,Russia,surface-to-air missile systems,abandoned,2
2022-03-09 01:16:35,Russia,surface-to-air missile systems,destroyed,-2
2022-03-09 01:16:35,Ukraine,unmanned aerial vehicles,captured,-1
2022-03-09 12:31:15,Russia,heavy mortars,captured,1
2022-03-09 12:31:15,Russia,towed artillery,captured,1
2022-03-09 12:31:15,Ukraine,unmanned aerial vehicles,captured,2
2022-03-09 12:31:15,Ukraine,unmanned aerial vehicles,destroyed,1
2022-03-09 15:19:31,Russia,armoured fighting vehicles,captured,2
2022-03-09 15:19:31,Russia,armoured fighting vehicles,destroyed,1
2022-03-09 15:19:31,Russia,armoured personnel carriers,captured,2
2022-03-09 15:19:31,Russia,heavy mortars,captured,1
2022-03-09 15:19:31,Russia,infantry fighting vehicles,captured,1
2022-03-09 15:19:31,Russia,infantry fighting vehicles,destroyed,1
2022-03-09 15:19:31,Russia,mine-resistant ambush protected,captured,1
2022-03-09 15:19:31,Russia,tanks,captured,1
2022-03-09 15:19:31,Russia,tanks,destroyed,4
2022-03-09 15:19:31,Russia,"trucks, vehicles and jeeps",captured,1
2022-03-09 15:19:31,Russia,"trucks, vehicles and jeeps",destroyed,1
2022-03-09 15:19:31,Ukraine,infantry fighting vehicles,abandoned,-1
2022-03-09 15:19:31,Ukraine,infantry fighting vehicles,captured,1
2022-03-09 21:16:36,Russia,armoured fighting vehicles,abandoned,1
2022-03-09 21:16:36,Russia,infantry fighting vehicles,captured,1
2022-03-10 12:31:55,Russia,aircraft,destroyed,1
2022-03-10 12:31:55,Russia,armoured fighting vehicles,captured,1
2022-03-10 12:31:55,Russia,infantry fighting vehicles,captured,1
2022-03-10 12:31:55,Russia,infantry fighting vehicles,destroyed,1
2022-03-10 12:31:55,Russia,surface-to-air missile systems,destroyed,1
2022-03-10 12:31:55,Russia,"trucks, vehicles and jeeps",destroyed,1
2022-03-10 15:25:41,Russia,armoured fighting vehicles,destroyed,1
2022-03-10 15:25:41,Russia,armoured personnel carriers,captured,1
2022-03-10 15:25:41,Russia,engineering vehicles,captured,2
2022-03-10 15:25:41,Russia,infantry fighting vehicles,destroyed,4
2022-03-10 15:25:41,Russia,infantry mobility vehicles,captured,1
2022-03-10 15:25:41,Russia,self-propelled artillery,destroyed,1
2022-03-10 15:25:41,Russia,surface-to-air missile systems,abandoned,1
2022-03-10 15:25:41,Russia,tanks,captured,3
2022-03-10 15:25:41,Russia,tanks,destroyed,3
2022-03-10 15:25:41,Russia,"trucks, vehicles and jeeps",captured,2
2022-03-10 15:25:41,Ukraine,armoured fighting vehicles,captured,1
2022-03-10 15:25:41,Ukraine,infantry fighting vehicles,captured,1
2022-03-10 15:25:41,Ukraine,tanks,destroyed,1
2022-03-10 18:22:40,Russia,armoured fighting vehicles,abandoned,1
2022-03-10 18:22:40,Russia,armoured fighting vehicles,captured,1
2022-03-10 18:22:40,Russia,engineering vehicles,abandoned,-4
2022-03-10 18:22:40,Russia,engineering vehicles,captured,1
2022-03-10 18:22:40,Russia,infantry fighting vehicles,captured,1
2022-03-10 18:22:40,Russia,infantry fighting vehicles,destroyed,2
2022-03-10 18:22:40,Russia,surface-to-air missile systems,captured,1
2022-03-10 18:22:40,Russia,surface-to-air missile systems,destroyed,1
2022-03-10 18:22:40,Russia,tanks,captured,1
2022-03-10 18:22:40,Russia,tanks,destroyed,1
2022-03-10 18:22:40,Russia,"trucks, vehicles and jeeps",captured,1
2022-03-10 18:22:40,Russia,unmanned aerial vehicles,captured,1
2022-03-10 18:22:40,Ukraine,unmanned aerial vehicles,captured,-2
2022-03-10 18:22:40,Ukraine,unmanned aerial vehicles,destroyed,-1
2022-03-10 21:16:44,Russia,armoured fighting vehicles,captured,1
2022-03-10 21:16:44,Russia,armoured personnel carriers,captured,1
2022-03-10 21:16:44,Russia,helicopters,destroyed,1
2022-03-10 21:16:44,Russia,infantry fighting vehicles,destroyed,2
2022-03-10 21:16:44,Russia,tanks,abandoned,1
2022-03-10 21:16:44,Russia,tanks,captured,1
2022-03-10 21:16:44,Russia,tanks,destroyed,4
2022-03-10 21:16:44,Russia,towed artillery,abandoned,1
2022-03-10 21:16:44,Russia,"trucks, vehicles and jeeps",abandoned,1
2022-03-10 21:16:44,Russia,"trucks, vehicles and jeeps",captured,2
2022-03-10 21:16:44,Russia,"trucks, vehicles and jeeps",destroyed,3
2022-03-10 21:16:44,Ukraine,aircraft,destroyed,1
2022-03-10 21:16:44,Ukraine,armoured fighting vehicles,captured,2
2022-03-10 21:16:44,Ukraine,towed artillery,captured,1
2022-03-10 21:16:44,Ukraine,"trucks, vehicles and jeeps",captured,3
2022-03-11 01:21:33,Russia,armoured fighting vehicles,destroyed,3
2022-03-11 01:21:33,Russia,armoured personnel carriers,destroyed,4
2022-03-11 01:21:33,Russia,infantry fighting vehicles,captured,1
2022-03-11 01:21:33,Russia,infantry fighting vehicles,destroyed,2
2022-03-11 01:21:33,Russia,tanks,captured,2
2022-03-11 01:21:33,Russia,tanks,destroyed,1
2022-03-11 01:21:33,Russia,"trucks, vehicles and jeeps",captured,1
2022-03-11 12:31:21,Russia,armoured fighting vehicles,destroyed,1
2022-03-11 12:31:21,Russia,infantry fighting vehicles,destroyed,2
2022-03-11 12:31:21,Russia,mine-resistant ambush protected,captured,1
2022-03-11 12:31:21,Russia,self-propelled anti-aircraft guns,abandoned,1
2022-03-11 12:31:21,Russia,self-propelled artillery,abandoned,1
2022-03-11 12:31:21,Russia,surface-to-air missile systems,captured,1
2022-03-11 12:31:21,Russia,tanks,abandoned,2
2022-03-11 12:31:21,Russia,tanks,captured,5
2022-03-11 12:31:21,Russia,tanks,destroyed,1
2022-03-11 12:31:21,Russia,"trucks, vehicles and jeeps",captured,5
2022-03-11 12:31:21,Ukraine,infantry fighting vehicles,abandoned,1
2022-03-11 12:31:21,Ukraine,infantry fighting vehicles,destroyed,10
2022-03-11 12:31:21,Ukraine,tanks,destroyed,1
2022-03-11 12:31:21,Ukraine,"trucks, vehicles and jeeps",abandoned,2
2022-03-11 12:31:21,Ukraine,unmanned aerial vehicles,captured,2
2022-03-11 12:31:21,Ukraine,unmanned aerial vehicles,destroyed,2
2022-03-11 15:19:34,Russia,anti-aircraft guns,captured,1
2022-03-11 15:19:34,Russia,armoured fighting vehicles,captured,2
2022-03-11 15:19:34,Russia,armoured fighting vehicles,destroyed,1
2022-03-11 15:19:34,Russia,armoured personnel carriers,abandoned,1
2022-03-11 15:19:34,Russia,armoured personnel carriers,destroyed,1
2022-03-11 15:19:34,Russia,helicopters,destroyed,1
2022-03-11 15:19:34,Russia,infantry fighting vehicles,destroyed,4
2022-03-11 15:19:34,Russia,infantry mobility vehicles,destroyed,1
2022-03-11 15:19:34,Russia,self-propelled anti-aircraft guns,abandoned,0
2022-03-11 15:19:34,Russia,self-propelled anti-aircraft guns,destroyed,0
2022-03-11 15:19:34,Russia,self-propelled artillery,destroyed,1
2022-03-11 15:19:34,Russia,tanks,abandoned,4
2022-03-11 15:19:34,Russia,tanks,destroyed,1
2022-03-11 15:19:34,Russia,"trucks, vehicles and jeeps",captured,5
2022-03-11 15:19:34,Russia,"trucks, vehicles and jeeps",destroyed,13
2022-03-11 15:19:34,Russia,unmanned aerial vehicles,destroyed,1
2022-03-11 15:19:34,Ukraine,anti-aircraft guns,captured,-1
2022-03-11 15:19:34,Ukraine,anti-tank guided missiles,captured,1
2022-03-11 15:19:34,Ukraine,armoured fighting vehicles,captured,1
2022-03-11 15:19:34,Ukraine,armoured personnel carriers,captured,1
2022-03-11 15:19:34,Ukraine,self-propelled artillery,destroyed,1
2022-03-11 15:19:34,Ukraine,unmanned aerial vehicles,captured,-2
2022-03-11 15:19:34,Ukraine,unmanned aerial vehicles,destroyed,-2
2022-03-11 18:22:30,Russia,armoured fighting vehicles,abandoned,1
2022-03-11 18:22:30,Russia,armoured fighting vehicles,captured,1
2022-03-11 18:22:30,Russia,armoured fighting vehicles,destroyed,1
2022-03-11 18:22:30,Russia,infantry fighting vehicles,captured,1
2022-03-11 18:22:30,Russia,infantry fighting vehicles,destroyed,1
2022-03-11 18:22:30,Russia,tanks,abandoned,1
2022-03-11 18:22:30,Russia,tanks,destroyed,1
2022-03-11 18:22:30,Russia,"trucks, vehicles and jeeps",abandoned,1
2022-03-11 18:22:30,Russia,"trucks, vehicles and jeeps",captured,1
2022-03-11 18:22:30,Ukraine,anti-tank guided missiles,captured,1
2022-03-11 18:22:30,Ukraine,helicopters,destroyed,1
2022-03-11 18:22:30,Ukraine,tanks,captured,4
2022-03-11 18:22:30,Ukraine,"trucks, vehicles and jeeps",captured,1
2022-03-11 21:15:59,Russia,infantry fighting vehicles,captured,2
2022-03-11 21:15:59,Russia,tanks,captured,2
2022-03-11 21:15:59,Ukraine,infantry fighting vehicles,destroyed,1
2022-03-11 21:15:59,Ukraine,infantry mobility vehicles,destroyed,1
2022-03-11 21:15:59,Ukraine,tanks,captured,1
2022-03-12 01:09:04,Russia,engineering vehicles,destroyed,1
2022-03-12 01:09:04,Russia,infantry fighting vehicles,destroyed,1
2022-03-12 01:09:04,Russia,self-propelled artillery,captured,1
2022-03-12 01:09:04,Russia,tanks,captured,2
2022-03-12 01:09:04,Russia,"trucks, vehicles and jeeps",destroyed,2
2022-03-12 01:09:04,Ukraine,infantry fighting vehicles,destroyed,-1
2022-03-12 12:29:12,Russia,infantry fighting vehicles,captured,2
2022-03-12 12:29:12,Russia,infantry fighting vehicles,destroyed,2
2022-03-12 12:29:12,Russia,self-propelled artillery,destroyed,1
2022-03-12 12:29:12,Russia,"trucks, vehicles and jeeps",destroyed,3
2022-03-12 12:29:12,Ukraine,armoured fighting vehicles,captured,1
2022-03-12 12:29:12,Ukraine,tanks,destroyed,1
2022-03-12 15:18:40,Russia,armoured personnel carriers,abandoned,1
2022-03-12 15:18:40,Russia,communications stations,captured,1
2022-03-12 15:18:40,Russia,helicopters,destroyed,1
2022-03-12 15:18:40,Russia,infantry fighting vehicles,destroyed,1
2022-03-12 15:18:40,Russia,multiple rocket launchers,destroyed,1
2022-03-12 15:18:40,Russia,surface-to-air missile systems,destroyed,1
2022-03-12 15:18:40,Russia,tanks,captured,1
2022-03-12 15:18:40,Russia,"trucks, vehicles and jeeps",captured,2
2022-03-12 15:18:40,Russia,unmanned aerial vehicles,destroyed,1
2022-03-12 15:18:40,Ukraine,anti-tank guided missiles,captured,1
2022-03-12 15:18:40,Ukraine,infantry fighting vehicles,destroyed,1
2022-03-12 15:18:40,Ukraine,infantry mobility vehicles,captured,1
2022-03-12 15:18:40,Ukraine,tanks,destroyed,1
2022-03-12 15:18:40,Ukraine,unmanned aerial vehicles,captured,2
2022-03-12 15:18:40,Ukraine,unmanned aerial vehicles,destroyed,2
2022-03-12 18:21:20,Russia,anti-aircraft guns,captured,1
2022-03-12 18:21:20,Russia,helicopters,destroyed,1
2022-03-12 18:21:20,Russia,surface-to-air missile systems,captured,1
2022-03-12 18:21:20,Russia,"trucks, vehicles and jeeps",captured,1
2022-03-12 18:21:20,Russia,"trucks, vehicles and jeeps",destroyed,1
2022-03-12 18:21:20,Ukraine,anti-aircraft guns,captured,1
2022-03-12 18:21:20,Ukraine,armoured fighting vehicles,captured,1
2022-03-12 18:21:20,Ukraine,armoured fighting vehicles,destroyed,1
2022-03-12 18:21:20,Ukraine,infantry fighting vehicles,destroyed,1
2022-03-12 18:21:20,Ukraine,multiple rocket launchers,captured,1
2022-03-12 18:21:20,Ukraine,tanks,captured,3
2022-03-12 18:21:20,Ukraine,"trucks, vehicles and jeeps",captured,3
2022-03-13 01:11:14,Russia,armoured fighting vehicles,abandoned,1
2022-03-13 01:11:14,Russia,infantry fighting vehicles,destroyed,2
2022-03-13 01:11:14,Russia,tanks,captured,1
2022-03-13 01:11:14,Russia,tanks,destroyed,4
2022-03-13 01:11:14,Russia,"trucks, vehicles and jeeps",abandoned,1
2022-03-13 01:11:14,Russia,"trucks, vehicles and jeeps",destroyed,2
2022-03-13 01:11:14,Russia,unmanned aerial vehicles,captured,1
2022-03-13 01:11:14,Ukraine,anti-tank guided missiles,captured,5
2022-03-13 01:11:14,Ukraine,armoured fighting vehicles,captured,1
2022-03-13 01:11:14,Ukraine,armoured personnel carriers,destroyed,1
2022-03-13 01:11:14,Ukraine,self-propelled anti-aircraft guns,captured,1
2022-03-13 01:11:14,Ukraine,tanks,captured,2
2022-03-13 03:19:54,Russia,engineering vehicles,captured,1
2022-03-13 12:29:37,Russia,armoured fighting vehicles,abandoned,3
2022-03-13 12:29:37,Russia,armoured fighting vehicles,captured,3
2022-03-13 12:29:37,Russia,armoured fighting vehicles,destroyed,1
2022-03-13 12:29:37,Russia,infantry fighting vehicles,captured,2
2022-03-13 12:29:37,Russia,man-portable air defence systems,captured,-2
2022-03-13 12:29:37,Russia,self-propelled anti-aircraft guns,abandoned,1
2022-03-13 12:29:37,Russia,surface-to-air missile systems,captured,-2
2022-03-13 12:29:37,Russia,tanks,abandoned,1
2022-03-13 12:29:37,Russia,tanks,destroyed,2
2022-03-13 12:29:37,Russia,"trucks, vehicles and jeeps",captured,1
2022-03-13 12:29:37,Ukraine,infantry mobility vehicles,captured,1
2022-03-13 12:29:37,Ukraine,man-portable air defence systems,captured,-14
2022-03-13 18:21:22,Russia,armoured fighting vehicles,abandoned,1
2022-03-13 18:21:22,Russia,armoured fighting vehicles,captured,1
2022-03-13 18:21:22,Russia,armoured fighting vehicles,destroyed,1
2022-03-13 18:21:22,Russia,engineering vehicles,captured,2
2022-03-13 18:21:22,Russia,infantry fighting vehicles,captured,2
2022-03-13 18:21:22,Russia,infantry fighting vehicles,destroyed,2
2022-03-13 18:21:22,Russia,jammers and deception systems,damaged,1
2022-03-13 18:21:22,Russia,self-propelled anti-aircraft guns,abandoned,-1
2022-03-13 18:21:22,Russia,self-propelled anti-aircraft guns,captured,1
2022-03-13 18:21:22,Russia,self-propelled artillery,destroyed,1
2022-03-13 18:21:22,Russia,tanks,captured,2
2022-03-13 18:21:22,Russia,tanks,destroyed,1
2022-03-13 18:21:22,Russia,"trucks, vehicles and jeeps",captured,2
2022-03-13 18:21:22,Russia,"trucks, vehicles and jeeps",destroyed,16
2022-03-13 21:15:59,Russia,armoured fighting vehicles,abandoned,1
2022-03-13 21:15:59,Russia,armoured fighting vehicles,captured,2
2022-03-13 21:15:59,Russia,armoured fighting vehicles,destroyed,1
2022-03-13 21:15:59,Russia,infantry fighting vehicles,damaged,1
2022-03-13 21:15:59,Russia,infantry mobility vehicles,destroyed,1
2022-03-13 21:15:59,Russia,man-portable air defence systems,captured,8
2022-03-13 21:15:59,Russia,mine-resistant ambush protected,captured,1
2022-03-13 21:15:59,Russia,mine-resistant ambush protected,destroyed,1
2022-03-13 21:15:59,Russia,tanks,captured,1
2022-03-13 21:15:59,Russia,tanks,destroyed,-1
2022-03-13 21:15:59,Russia,"trucks, vehicles and jeeps",abandoned,2
2022-03-13 21:15:59,Russia,"trucks, vehicles and jeeps",captured,1
2022-03-13 21:15:59,Ukraine,infantry fighting vehicles,destroyed,2
2022-03-13 21:15:59,Ukraine,man-portable air defence systems,captured,14
2022-03-13 21:15:59,Ukraine,tanks,destroyed,2
2022-03-13 21:15:59,Ukraine,"trucks, vehicles and jeeps",captured,1
2022-03-13 21:15:59,Ukraine,"trucks, vehicles and jeeps",destroyed,3
2022-03-14 01:19:55,Russia,"trucks, vehicles and jeeps",abandoned,11
2022-03-14 01:19:55,Russia,"trucks, vehicles and jeeps",captured,2
2022-03-14 01:19:55,Russia,"trucks, vehicles and jeeps",destroyed,19
2022-03-14 01:19:55,Ukraine,tanks,destroyed,1
2022-03-14 12:31:20,Russia,aircraft,damaged,1
2022-03-14 12:31:20,Russia,armoured fighting vehicles,destroyed,1
2022-03-14 12:31:20,Russia,infantry fighting vehicles,destroyed,1
2022-03-14 12:31:20,Russia,multiple rocket launchers,abandoned,2
2022-03-14 12:31:20,Russia,multiple rocket launchers,captured,1
2022-03-14 12:31:20,Russia,surface-to-air missile systems,destroyed,1
2022-03-14 12:31:20,Russia,"trucks, vehicles and jeeps",destroyed,1
2022-03-14 12:31:20,Russia,unmanned aerial vehicles,captured,1
2022-03-14 12:31:20,Ukraine,anti-tank guided missiles,captured,1
2022-03-14 12:31:20,Ukraine,infantry mobility vehicles,captured,1
2022-03-14 15:21:05,Russia,engineering vehicles,abandoned,1
2022-03-14 15:21:05,Russia,infantry fighting vehicles,destroyed,2
2022-03-14 15:21:05,Russia,infantry mobility vehicles,captured,1
2022-03-14 15:21:05,Russia,tanks,captured,2
2022-03-14 15:21:05,Russia,towed artillery,abandoned,-4
2022-03-14 15:21:05,Russia,towed artillery,captured,-1
2022-03-14 15:21:05,Ukraine,surface-to-air missile systems,abandoned,1
2022-03-14 18:21:20,Russia,armoured fighting vehicles,destroyed,1
2022-03-14 18:21:20,Russia,infantry fighting vehicles,destroyed,1
2022-03-14 18:21:20,Russia,self-propelled artillery,captured,1
2022-03-14 18:21:20,Russia,tanks,captured,1
2022-03-14 18:21:20,Russia,tanks,destroyed,2
2022-03-14 18:21:20,Russia,"trucks, vehicles and jeeps",captured,3
2022-03-14 18:21:20,Russia,"trucks, vehicles and jeeps",destroyed,3
2022-03-14 21:17:20,Russia,anti-tank guided missiles,captured,1
2022-03-14 21:17:20,Russia,armoured fighting vehicles,captured,2
2022-03-14 21:17:20,Russia,armoured fighting vehicles,destroyed,3
2022-03-14 21:17:20,Russia,armoured personnel carriers,captured,1
2022-03-14 21:17:20,Russia,infantry fighting vehicles,captured,1
2022-03-14 21:17:20,Russia,tanks,captured,1
2022-03-14 21:17:20,Russia,tanks,destroyed,3
2022-03-14 21:17:20,Russia,"trucks, vehicles and jeeps",destroyed,3
2022-03-14 21:17:20,Russia,unmanned aerial vehicles,destroyed,1
2022-03-14 21:17:20,Ukraine,infantry fighting vehicles,captured,1
2022-03-14 21:17:20,Ukraine,infantry mobility vehicles,captured,1
2022-03-14 21:17:20,Ukraine,tanks,destroyed,1
2022-03-15 01:18:25,Russia,armoured fighting vehicles,abandoned,2
2022-03-15 01:18:25,Russia,armoured fighting vehicles,destroyed,1
2022-03-15 01:18:25,Russia,armoured personnel carriers,abandoned,1
2022-03-15 01:18:25,Russia,armoured personnel carriers,captured,1
2022-03-15 01:18:25,Russia,infantry fighting vehicles,abandoned,3
2022-03-15 01:18:25,Russia,infantry fighting vehicles,captured,1
2022-03-15 01:18:25,Russia,infantry fighting vehicles,destroyed,2
2022-03-15 01:18:25,Russia,infantry mobility vehicles,destroyed,1
2022-03-15 01:18:25,Russia,tanks,damaged,1
2022-03-15 01:18:25,Russia,"trucks, vehicles and jeeps",abandoned,1
2022-03-15 01:18:25,Russia,"trucks, vehicles and jeeps",captured,1
2022-03-15 01:18:25,Ukraine,armoured fighting vehicles,destroyed,1
2022-03-15 01:18:25,Ukraine,infantry fighting vehicles,destroyed,1
2022-03-15 01:18:25,Ukraine,self-propelled artillery,destroyed,1
2022-03-15 01:18:25,Ukraine,surface-to-air missile systems,abandoned,1
2022-03-15 01:18:25,Ukraine,"trucks, vehicles and jeeps",captured,1
2022-03-15 12:32:24,Russia,armoured fighting vehicles,abandoned,1
2022-03-15 12:32:24,Russia,armoured fighting vehicles,captured,-2
2022-03-15 12:32:24,Russia,surface-to-air missile systems,abandoned,1
2022-03-15 15:19:51,Russia,infantry fighting vehicles,captured,1
2022-03-15 15:19:51,Russia,infantry fighting vehicles,destroyed,2
2022-03-15 15:19:51,Russia,man-portable air defence systems,captured,2
2022-03-15 15:19:51,Russia,multiple rocket launchers,captured,2
2022-03-15 15:19:51,Russia,tanks,captured,3
2022-03-15 15:19:51,Russia,towed artillery,captured,4
2022-03-15 15:19:51,Ukraine,aircraft,destroyed,-1
2022-03-15 15:19:51,Ukraine,anti-tank guided missiles,captured,9
2022-03-15 15:19:51,Ukraine,man-portable air defence systems,captured,2
2022-03-15 15:19:51,Ukraine,naval ships,captured,11
2022-03-15 15:19:51,Ukraine,"trucks, vehicles and jeeps",destroyed,1
2022-03-15 15:19:51,Ukraine,unmanned aerial vehicles,destroyed,2
2022-03-15 18:23:03,Russia,anti-tank guided missiles,abandoned,24
2022-03-15 18:23:03,Russia,anti-tank guided missiles,captured,-12
2022-03-15 18:23:03,Russia,armoured fighting vehicles,abandoned,1
2022-03-15 18:23:03,Russia,surface-to-air missile systems,destroyed,1
2022-03-15 18:23:03,Russia,"trucks, vehicles and jeeps",abandoned,1
2022-03-15 18:23:03,Russia,"trucks, vehicles and jeeps",destroyed,1
2022-03-15 18:23:03,Ukraine,infantry mobility vehicles,destroyed,1
2022-03-16 01:18:43,Russia,armoured fighting vehicles,captured,1
2022-03-16 01:18:43,Russia,armoured fighting vehicles,destroyed,1
2022-03-16 01:18:43,Russia,armoured personnel carriers,captured,1
2022-03-16 01:18:43,Russia,helicopters,damaged,5
2022-03-16 01:18:43,Russia,helicopters,destroyed,10
2022-03-16 01:18:43,Russia,infantry fighting vehicles,captured,1
2022-03-16 01:18:43,Russia,infantry fighting vehicles,destroyed,6
2022-03-16 01:18:43,Russia,mine-resistant ambush protected,abandoned,2
2022-03-16 01:18:43,Russia,tanks,captured,2
2022-03-16 01:18:43,Russia,tanks,destroyed,9
2022-03-16 01:18:43,Russia,"trucks, vehicles and jeeps",captured,2
2022-03-16 01:18:43,Russia,"trucks, vehicles and jeeps",destroyed,1
2022-03-16 01:18:43,Ukraine,aircraft,destroyed,1
2022-03-16 01:18:43,Ukraine,armoured personnel carriers,captured,2
2022-03-16 01:18:43,Ukraine,self-propelled artillery,captured,1
2022-03-16 12:31:32,Russia,armoured fighting vehicles,destroyed,1
2022-03-16 12:31:32,Russia,"trucks, vehicles and jeeps",abandoned,1
2022-03-16 15:19:48,Russia,armoured fighting vehicles,captured,1
2022-03-16 15:19:48,Russia,helicopters,damaged,-4
2022-03-16 15:19:48,Russia,helicopters,destroyed,6
2022-03-16 15:19:48,Russia,self-propelled artillery,captured,1
2022-03-16 15:19:48,Russia,tanks,captured,1
2022-03-16 15:19:48,Russia,"trucks, vehicles and jeeps",captured,2
2022-03-16 15:19:48,Ukraine,infantry mobility vehicles,captured,1
2022-03-16 18:23:02,Russia,armoured fighting vehicles,captured,2
2022-03-16 18:23:02,Russia,armoured fighting vehicles,destroyed,1
2022-03-16 18:23:02,Russia,infantry fighting vehicles,captured,1
2022-03-16 18:23:02,Russia,"trucks, vehicles and jeeps",abandoned,1
2022-03-16 21:17:27,Russia,engineering vehicles,captured,1
2022-03-16 21:17:27,Russia,engineering vehicles,destroyed,1
2022-03-16 21:17:27,Russia,infantry fighting vehicles,captured,1
2022-03-16 21:17:27,Russia,infantry fighting vehicles,destroyed,2
2022-03-16 21:17:27,Russia,infantry mobility vehicles,destroyed,1
2022-03-16 21:17:27,Russia,jammers and deception systems,destroyed,1
2022-03-16 21:17:27,Russia,tanks,captured,2
2022-03-16 21:17:27,Russia,tanks,destroyed,2
2022-03-16 21:17:27,Russia,"trucks, vehicles and jeeps",captured,4
2022-03-16 21:17:27,Russia,"trucks, vehicles and jeeps",destroyed,3
2022-03-16 21:17:27,Ukraine,tanks,abandoned,1
2022-03-17 12:33:29,Russia,armoured fighting vehicles,captured,1
2022-03-17 12:33:29,Russia,armoured fighting vehicles,destroyed,1
2022-03-17 12:33:29,Russia,armoured personnel carriers,captured,1
2022-03-17 12:33:29,Russia,infantry fighting vehicles,destroyed,1
2022-03-17 12:33:29,Russia,jammers and deception systems,captured,1
2022-03-17 12:33:29,Russia,radars,captured,1
2022-03-17 12:33:29,Russia,towed artillery,captured,1
2022-03-17 12:33:29,Russia,"trucks, vehicles and jeeps",captured,-1
2022-03-17 12:33:29,Ukraine,armoured fighting vehicles,destroyed,1
2022-03-17 12:33:29,Ukraine,armoured personnel carriers,destroyed,1
2022-03-17 12:33:29,Ukraine,infantry fighting vehicles,captured,1
2022-03-17 12:33:29,Ukraine,unmanned aerial vehicles,destroyed,1
2022-03-17 18:22:48,Russia,armoured fighting vehicles,abandoned,1
2022-03-17 18:22:48,Russia,armoured fighting vehicles,destroyed,2
2022-03-17 18:22:48,Russia,infantry fighting vehicles,abandoned,2
2022-03-17 18:22:48,Russia,infantry fighting vehicles,captured,1
2022-03-17 18:22:48,Russia,infantry fighting vehicles,destroyed,1
2022-03-17 18:22:48,Russia,infantry mobility vehicles,abandoned,3
2022-03-17 18:22:48,Russia,infantry mobility vehicles,captured,1
2022-03-17 18:22:48,Russia,infantry mobility vehicles,damaged,1
2022-03-17 18:22:48,Russia,infantry mobility vehicles,destroyed,6
2022-03-17 18:22:48,Russia,multiple rocket launchers,destroyed,1
2022-03-17 18:22:48,Russia,tanks,destroyed,2
2022-03-17 18:22:48,Russia,towed artillery,captured,1
2022-03-17 18:22:48,Russia,"trucks, vehicles and jeeps",damaged,2
2022-03-17 18:22:48,Russia,"trucks, vehicles and jeeps",destroyed,40
2022-03-17 18:22:48,Ukraine,radars,destroyed,1
2022-03-17 18:22:48,Ukraine,surface-to-air missile systems,destroyed,2
2022-03-17 18:22:48,Ukraine,"trucks, vehicles and jeeps",captured,1
2022-03-17 18:22:48,Ukraine,"trucks, vehicles and jeeps",destroyed,1
2022-03-17 21:16:13,Russia,armoured fighting vehicles,abandoned,1
2022-03-17 21:16:13,Russia,armoured fighting vehicles,destroyed,5
2022-03-17 21:16:13,Russia,armoured personnel carriers,abandoned,1
2022-03-17 21:16:13,Russia,infantry fighting vehicles,destroyed,5
2022-03-17 21:16:13,Russia,self-propelled artillery,abandoned,1
2022-03-17 21:16:13,Russia,self-propelled artillery,captured,1
2022-03-17 21:16:13,Russia,self-propelled artillery,destroyed,1
2022-03-17 21:16:13,Russia,tanks,captured,2
2022-03-17 21:16:13,Russia,tanks,destroyed,1
2022-03-17 21:16:13,Russia,"trucks, vehicles and jeeps",abandoned,1
2022-03-17 21:16:13,Russia,"trucks, vehicles and jeeps",captured,3
2022-03-17 21:16:13,Russia,"trucks, vehicles and jeeps",damaged,1
2022-03-17 21:16:13,Russia,"trucks, vehicles and jeeps",destroyed,10
2022-03-17 21:16:13,Ukraine,aircraft,destroyed,1
2022-03-17 21:16:13,Ukraine,radars,captured,1
2022-03-18 01:18:36,Russia,armoured fighting vehicles,destroyed,3
2022-03-18 01:18:36,Russia,infantry fighting vehicles,abandoned,1
2022-03-18 01:18:36,Russia,infantry fighting vehicles,destroyed,5
2022-03-18 01:18:36,Russia,tanks,abandoned,2
2022-03-18 01:18:36,Russia,tanks,destroyed,2
2022-03-18 01:18:36,Russia,"trucks, vehicles and jeeps",destroyed,13
2022-03-18 09:18:38,Russia,armoured fighting vehicles,captured,2
2022-03-18 09:18:38,Russia,armoured personnel carriers,captured,1
2022-03-18 09:18:38,Russia,infantry fighting vehicles,abandoned,1
2022-03-18 09:18:38,Russia,infantry mobility vehicles,captured,1
2022-03-18 09:18:38,Russia,surface-to-air missile systems,destroyed,1
2022-03-18 09:18:38,Ukraine,armoured fighting vehicles,destroyed,1
2022-03-18 09:18:38,Ukraine,tanks,destroyed,1
2022-03-18 09:18:38,Ukraine,"trucks, vehicles and jeeps",destroyed,2
2022-03-18 12:31:14,Russia,armoured fighting vehicles,abandoned,1
2022-03-18 12:31:14,Russia,multiple rocket launchers,destroyed,1
2022-03-18 12:31:14,Russia,self-propelled artillery,captured,1
2022-03-18 12:31:14,Ukraine,infantry mobility vehicles,destroyed,1
2022-03-18 15:19:34,Russia,armoured fighting vehicles,destroyed,2
2022-03-18 15:19:34,Russia,helicopters,damaged,1
2022-03-18 15:19:34,Russia,infantry fighting vehicles,destroyed,1
2022-03-18 15:19:34,Russia,infantry mobility vehicles,destroyed,1
2022-03-18 15:19:34,Russia,surface-to-air missile systems,destroyed,1
2022-03-18 15:19:34,Russia,tanks,damaged,1
2022-03-18 15:19:34,Russia,tanks,destroyed,1
2022-03-18 15:19:34,Russia,unmanned aerial vehicles,destroyed,1
2022-03-18 15:19:34,Ukraine,infantry fighting vehicles,abandoned,1
2022-03-18 18:22:57,Russia,helicopters,destroyed,1
2022-03-18 21:17:11,Russia,armoured fighting vehicles,captured,1
2022-03-18 21:17:11,Russia,infantry fighting vehicles,captured,1
2022-03-18 21:17:11,Russia,infantry fighting vehicles,damaged,1
2022-03-18 21:17:11,Russia,self-propelled artillery,destroyed,1
2022-03-18 21:17:11,Russia,surface-to-air missile systems,captured,1
2022-03-18 21:17:11,Russia,"trucks, vehicles and jeeps",captured,1
2022-03-18 21:17:11,Russia,"trucks, vehicles and jeeps",destroyed,1
2022-03-18 21:17:11,Ukraine,armoured personnel carriers,captured,2
2022-03-18 21:17:11,Ukraine,infantry fighting vehicles,destroyed,3
2022-03-18 21:17:11,Ukraine,infantry mobility vehicles,captured,2
2022-03-19 01:10:50,Russia,armoured fighting vehicles,captured,1
2022-03-19 01:10:50,Russia,communications stations,captured,1
2022-03-19 01:10:50,Russia,infantry fighting vehicles,captured,3
2022-03-19 01:10:50,Russia,infantry fighting vehicles,destroyed,1
2022-03-19 01:10:50,Russia,"trucks, vehicles and jeeps",destroyed,2
2022-03-19 01:10:50,Ukraine,infantry fighting vehicles,destroyed,1
2022-03-19 01:10:50,Ukraine,towed artillery,destroyed,1
2022-03-19 12:30:29,Russia,infantry fighting vehicles,destroyed,1
2022-03-19 15:19:11,Russia,armoured fighting vehicles,abandoned,1
2022-03-19 15:19:11,Russia,armoured fighting vehicles,captured,-1
2022-03-19 15:19:11,Russia,armoured fighting vehicles,destroyed,2
2022-03-19 15:19:11,Russia,infantry fighting vehicles,destroyed,1
2022-03-19 15:19:11,Russia,mine-resistant ambush protected,destroyed,1
2022-03-19 15:19:11,Russia,tanks,destroyed,5
2022-03-19 15:19:11,Russia,"trucks, vehicles and jeeps",destroyed,4
2022-03-19 18:21:30,Russia,infantry fighting vehicles,destroyed,1
2022-03-19 18:21:30,Russia,multiple rocket launchers,destroyed,3
2022-03-19 18:21:30,Russia,tanks,destroyed,2
2022-03-19 18:21:30,Russia,"trucks, vehicles and jeeps",abandoned,1
2022-03-19 18:21:30,Russia,"trucks, vehicles and jeeps",destroyed,13
2022-03-19 21:15:33,Russia,armoured fighting vehicles,captured,-1
2022-03-19 21:15:33,Russia,armoured personnel carriers,captured,2
2022-03-19 21:15:33,Russia,armoured personnel carriers,destroyed,2
2022-03-19 21:15:33,Russia,communications stations,destroyed,1
2022-03-19 21:15:33,Russia,"trucks, vehicles and jeeps",captured,1
2022-03-19 21:15:33,Russia,unmanned aerial vehicles,destroyed,1
2022-03-20 01:18:08,Russia,aircraft,destroyed,1
2022-03-20 01:18:08,Russia,armoured fighting vehicles,captured,1
2022-03-20 01:18:08,Russia,armoured fighting vehicles,destroyed,4
2022-03-20 01:18:08,Russia,armoured personnel carriers,destroyed,1
2022-03-20 01:18:08,Russia,surface-to-air missile systems,captured,1
2022-03-20 01:18:08,Russia,surface-to-air missile systems,destroyed,1
2022-03-20 01:18:08,Russia,tanks,destroyed,3
2022-03-20 01:18:08,Russia,"trucks, vehicles and jeeps",captured,1
2022-03-20 01:18:08,Russia,"trucks, vehicles and jeeps",damaged,3
2022-03-20 01:18:08,Russia,"trucks, vehicles and jeeps",destroyed,9
2022-03-20 12:29:41,Russia,aircraft,destroyed,1
2022-03-20 12:29:41,Russia,infantry fighting vehicles,destroyed,3
2022-03-20 12:29:41,Russia,infantry mobility vehicles,destroyed,1
2022-03-20 12:29:41,Russia,unmanned aerial vehicles,captured,1
2022-03-20 12:29:41,Ukraine,unmanned aerial vehicles,destroyed,1
2022-03-20 15:19:48,Ukraine,aircraft,destroyed,1
2022-03-20 18:22:12,Russia,armoured fighting vehicles,destroyed,2
2022-03-20 18:22:12,Russia,infantry fighting vehicles,abandoned,-1
2022-03-20 18:22:12,Russia,infantry fighting vehicles,captured,2
2022-03-20 18:22:12,Russia,infantry fighting vehicles,destroyed,7
2022-03-20 18:22:12,Russia,infantry mobility vehicles,captured,4
2022-03-20 18:22:12,Russia,self-propelled artillery,captured,2
2022-03-20 18:22:12,Russia,tanks,abandoned,-2
2022-03-20 18:22:12,Russia,tanks,captured,3
2022-03-20 18:22:12,Russia,tanks,destroyed,4
2022-03-20 18:22:12,Russia,towed artillery,captured,2
2022-03-20 18:22:12,Russia,"trucks, vehicles and jeeps",captured,3
2022-03-20 18:22:12,Russia,"trucks, vehicles and jeeps",destroyed,1
2022-03-20 18:22:12,Ukraine,armoured personnel carriers,captured,1
2022-03-20 18:22:12,Ukraine,infantry fighting vehicles,destroyed,3
2022-03-20 18:22:12,Ukraine,infantry mobility vehicles,captured,1
2022-03-20 18:22:12,Ukraine,infantry mobility vehicles,destroyed,2
2022-03-20 21:16:44,Russia,engineering vehicles,captured,1
2022-03-20 21:16:44,Russia,infantry fighting vehicles,destroyed,-2
2022-03-20 21:16:44,Russia,infantry mobility vehicles,captured,-2
2022-03-20 21:16:44,Russia,surface-to-air missile systems,destroyed,2
2022-03-20 21:16:44,Russia,tanks,destroyed,1
2022-03-20 21:16:44,Russia,unmanned aerial vehicles,destroyed,1
2022-03-21 01:22:32,Russia,armoured fighting vehicles,destroyed,1
2022-03-21 01:22:32,Russia,armoured personnel carriers,captured,1
2022-03-21 01:22:32,Russia,infantry fighting vehicles,captured,2
2022-03-21 01:22:32,Russia,infantry fighting vehicles,destroyed,1
2022-03-21 01:22:32,Russia,self-propelled artillery,abandoned,1
2022-03-21 01:22:32,Russia,tanks,captured,2
2022-03-21 01:22:32,Russia,tanks,destroyed,1
2022-03-21 01:22:32,Russia,"trucks, vehicles and jeeps",captured,1
2022-03-21 01:22:32,Russia,"trucks, vehicles and jeeps",destroyed,6
2022-03-21 12:31:54,Russia,unmanned aerial vehicles,destroyed,1
2022-03-21 12:31:54,Ukraine,armoured fighting vehicles,captured,2
2022-03-21 12:31:54,Ukraine,armoured fighting vehicles,destroyed,2
2022-03-21 12:31:54,Ukraine,infantry fighting vehicles,captured,1
2022-03-21 12:31:54,Ukraine,infantry fighting vehicles,damaged,1
2022-03-21 12:31:54,Ukraine,infantry mobility vehicles,captured,-1
2022-03-21 12:31:54,Ukraine,self-propelled artillery,damaged,1
2022-03-21 12:31:54,Ukraine,self-propelled artillery,destroyed,1
2022-03-21 12:31:54,Ukraine,tanks,abandoned,-2
2022-03-21 12:31:54,Ukraine,tanks,captured,4
2022-03-21 12:31:54,Ukraine,tanks,destroyed,1
2022-03-21 12:31:54,Ukraine,"trucks, vehicles and jeeps",captured,1
2022-03-21 12:31:54,Ukraine,"trucks, vehicles and jeeps",damaged,2
2022-03-21 12:31:54,Ukraine,"trucks, vehicles and jeeps",destroyed,2
2022-03-21 15:20:27,Russia,infantry fighting vehicles,captured,1
2022-03-21 15:20:27,Ukraine,armoured fighting vehicles,destroyed,4
2022-03-21 15:20:27,Ukraine,multiple rocket launchers,captured,2
2022-03-21 15:20:27,Ukraine,radars,destroyed,2
2022-03-21 15:20:27,Ukraine,surface-to-air missile systems,captured,1
2022-03-21 15:20:27,Ukraine,surface-to-air missile systems,destroyed,1
2022-03-21 15:20:27,Ukraine,tanks,captured,1
2022-03-21 15:20:27,Ukraine,towed artillery,damaged,1
2022-03-21 15:20:27,Ukraine,towed artillery,destroyed,2
2022-03-21 15:20:27,Ukraine,"trucks, vehicles and jeeps",abandoned,-3
2022-03-21 15:20:27,Ukraine,"trucks, vehicles and jeeps",captured,14
2022-03-21 15:20:27,Ukraine,"trucks, vehicles and jeeps",destroyed,6
2022-03-21 18:23:32,Ukraine,armoured fighting vehicles,abandoned,-7
2022-03-21 18:23:32,Ukraine,armoured fighting vehicles,captured,9
2022-03-21 18:23:32,Ukraine,armoured fighting vehicles,destroyed,2
2022-03-21 18:23:32,Ukraine,infantry fighting vehicles,captured,1
2022-03-21 18:23:32,Ukraine,surface-to-air missile systems,captured,2
2022-03-21 18:23:32,Ukraine,surface-to-air missile systems,destroyed,1
2022-03-21 18:23:32,Ukraine,"trucks, vehicles and jeeps",captured,48
2022-03-21 18:23:32,Ukraine,"trucks, vehicles and jeeps",destroyed,4
2022-03-21 21:14:40,Russia,armoured fighting vehicles,captured,1
2022-03-21 21:14:40,Russia,self-propelled artillery,abandoned,-1
2022-03-21 21:14:40,Russia,self-propelled artillery,damaged,1
2022-03-21 21:14:40,Ukraine,surface-to-air missile systems,captured,-1
2022-03-21 21:14:40,Ukraine,surface-to-air missile systems,destroyed,1
2022-03-22 12:33:29,Russia,armoured fighting vehicles,captured,1
2022-03-22 12:33:29,Russia,infantry fighting vehicles,captured,1
2022-03-22 12:33:29,Russia,infantry fighting vehicles,destroyed,1
2022-03-22 12:33:29,Russia,multiple rocket launchers,captured,1
2022-03-22 12:33:29,Russia,naval ships,damaged,1
2022-03-22 12:33:29,Russia,self-propelled artillery,captured,2
2022-03-22 12:33:29,Russia,tanks,captured,1
2022-03-22 12:33:29,Russia,tanks,destroyed,4
2022-03-22 12:33:29,Russia,"trucks, vehicles and jeeps",captured,1
2022-03-22 12:33:29,Ukraine,armoured personnel carriers,captured,1
2022-03-22 15:20:38,Russia,armoured fighting vehicles,captured,1
2022-03-22 15:20:38,Russia,armoured fighting vehicles,destroyed,4
2022-03-22 15:20:38,Russia,armoured personnel carriers,captured,1
2022-03-22 15:20:38,Russia,engineering vehicles,captured,1
2022-03-22 15:20:38,Russia,engineering vehicles,destroyed,1
2022-03-22 15:20:38,Russia,helicopters,destroyed,1
2022-03-22 15:20:38,Russia,infantry fighting vehicles,captured,1
2022-03-22 15:20:38,Russia,infantry fighting vehicles,destroyed,7
2022-03-22 15:20:38,Russia,self-propelled artillery,captured,1
2022-03-22 15:20:38,Russia,self-propelled artillery,destroyed,1
2022-03-22 15:20:38,Russia,tanks,captured,2
2022-03-22 15:20:38,Russia,towed artillery,captured,1
2022-03-22 15:20:38,Russia,towed artillery,destroyed,4
2022-03-22 15:20:38,Russia,"trucks, vehicles and jeeps",captured,1
2022-03-22 15:20:38,Russia,"trucks, vehicles and jeeps",destroyed,1
2022-03-22 18:22:37,Russia,armoured fighting vehicles,destroyed,1
2022-03-22 21:16:55,Russia,armoured fighting vehicles,abandoned,-1
2022-03-22 21:16:55,Russia,armoured fighting vehicles,captured,-1
2022-03-22 21:16:55,Russia,armoured fighting vehicles,destroyed,-2
2022-03-22 21:16:55,Russia,surface-to-air missile systems,destroyed,1
2022-03-22 21:16:55,Russia,unmanned aerial vehicles,destroyed,2
2022-03-22 21:16:55,Ukraine,aircraft,damaged,1
2022-03-22 21:16:55,Ukraine,armoured fighting vehicles,captured,1
2022-03-22 21:16:55,Ukraine,tanks,captured,1
2022-03-22 21:16:55,Ukraine,tanks,destroyed,1
2022-03-23 01:33:21,Russia,multiple rocket launchers,abandoned,1
2022-03-23 12:33:14,Russia,anti-tank guided missiles,captured,1
2022-03-23 12:33:14,Russia,armoured fighting vehicles,captured,1
2022-03-23 12:33:14,Russia,armoured fighting vehicles,destroyed,1
2022-03-23 12:33:14,Russia,infantry fighting vehicles,captured,2
2022-03-23 12:33:14,Russia,infantry fighting vehicles,destroyed,1
2022-03-23 12:33:14,Russia,infantry mobility vehicles,destroyed,2
2022-03-23 12:33:14,Russia,jammers and deception systems,captured,1
2022-03-23 12:33:14,Russia,jammers and deception systems,destroyed,1
2022-03-23 12:33:14,Russia,self-propelled artillery,abandoned,1
2022-03-23 12:33:14,Russia,tanks,captured,1
2022-03-23 12:33:14,Russia,"trucks, vehicles and jeeps",captured,2
2022-03-23 12:33:14,Russia,"trucks, vehicles and jeeps",destroyed,1
2022-03-23 12:33:14,Russia,unmanned aerial vehicles,destroyed,1
2022-03-23 12:33:14,Ukraine,anti-aircraft guns,captured,-1
2022-03-23 12:33:14,Ukraine,"trucks, vehicles and jeeps",captured,2
2022-03-23 15:20:10,Russia,armoured fighting vehicles,abandoned,1
2022-03-23 15:20:10,Russia,armoured fighting vehicles,captured,4
2022-03-23 15:20:10,Russia,armoured fighting vehicles,destroyed,7
2022-03-23 15:20:10,Russia,armoured personnel carriers,abandoned,1
2022-03-23 15:20:10,Russia,armoured personnel carriers,captured,-3
2022-03-23 15:20:10,Russia,armoured personnel carriers,destroyed,-6
2022-03-23 15:20:10,Russia,infantry fighting vehicles,destroyed,2
2022-03-23 15:20:10,Russia,multiple rocket launchers,captured,1
2022-03-23 15:20:10,Russia,self-propelled artillery,abandoned,2
2022-03-23 15:20:10,Russia,self-propelled artillery,captured,1
2022-03-23 15:20:10,Russia,self-propelled artillery,destroyed,1
2022-03-23 15:20:10,Russia,tanks,captured,2
2022-03-23 15:20:10,Russia,tanks,destroyed,2
2022-03-23 15:20:10,Russia,"trucks, vehicles and jeeps",captured,4
2022-03-23 15:20:10,Russia,"trucks, vehicles and jeeps",destroyed,15
2022-03-23 15:20:10,Ukraine,armoured fighting vehicles,destroyed,1
2022-03-23 15:20:10,Ukraine,"trucks, vehicles and jeeps",captured,1
2022-03-23 15:20:10,Ukraine,"trucks, vehicles and jeeps",destroyed,6
2022-03-23 18:23:47,Ukraine,tanks,destroyed,1
2022-03-23 21:14:35,Russia,armoured fighting vehicles,captured,2
2022-03-23 21:14:35,Russia,armoured fighting vehicles,destroyed,2
2022-03-23 21:14:35,Russia,armoured personnel carriers,captured,1
2022-03-23 21:14:35,Russia,infantry fighting vehicles,destroyed,1
2022-03-23 21:14:35,Russia,multiple rocket launchers,destroyed,1
2022-03-23 21:14:35,Russia,self-propelled artillery,captured,1
2022-03-23 21:14:35,Russia,self-propelled artillery,damaged,1
2022-03-23 21:14:35,Russia,tanks,abandoned,2
2022-03-23 21:14:35,Russia,tanks,destroyed,1
2022-03-23 21:14:35,Russia,"trucks, vehicles and jeeps",captured,1
2022-03-23 21:14:35,Russia,"trucks, vehicles and jeeps",destroyed,8
2022-03-23 21:14:35,Ukraine,infantry fighting vehicles,destroyed,3
2022-03-23 21:14:35,Ukraine,radars,damaged,1
2022-03-24 01:22:07,Russia,armoured fighting vehicles,captured,3
2022-03-24 01:22:07,Russia,engineering vehicles,captured,1
2022-03-24 01:22:07,Russia,infantry fighting vehicles,destroyed,1
2022-03-24 01:22:07,Russia,tanks,captured,1
2022-03-24 01:22:07,Russia,"trucks, vehicles and jeeps",captured,1
2022-03-24 01:22:07,Ukraine,tanks,destroyed,-1
2022-03-24 19:16:35,Russia,naval ships,damaged,1
2022-03-24 19:16:35,Russia,naval ships,destroyed,1
2022-03-24 19:16:35,Russia,tanks,destroyed,1
2022-03-24 19:16:35,Ukraine,armoured fighting vehicles,destroyed,1
2022-03-24 19:16:35,Ukraine,infantry fighting vehicles,damaged,1
2022-03-24 19:16:35,Ukraine,multiple rocket launchers,destroyed,1
2022-03-24 19:16:35,Ukraine,surface-to-air missile systems,captured,1
2022-03-24 19:16:35,Ukraine,tanks,captured,1
2022-03-24 19:16:35,Ukraine,towed artillery,damaged,2
2022-03-24 19:16:35,Ukraine,"trucks, vehicles and jeeps",damaged,1
2022-03-24 19:16:35,Ukraine,"trucks, vehicles and jeeps",destroyed,6
2022-03-24 21:17:23,Russia,armoured fighting vehicles,destroyed,3
2022-03-24 21:17:23,Russia,engineering vehicles,captured,1
2022-03-24 21:17:23,Russia,engineering vehicles,destroyed,1
2022-03-24 21:17:23,Russia,infantry fighting vehicles,captured,1
2022-03-24 21:17:23,Russia,infantry fighting vehicles,destroyed,2
2022-03-24 21:17:23,Russia,infantry mobility vehicles,captured,1
2022-03-24 21:17:23,Ukraine,self-propelled artillery,captured,1
2022-03-24 21:17:23,Ukraine,unmanned aerial vehicles,destroyed,1
2022-03-25 09:19:07,Russia,engineering vehicles,destroyed,1
2022-03-25 09:19:07,Russia,"trucks, vehicles and jeeps",captured,-1
2022-03-25 09:19:07,Russia,"trucks, vehicles and jeeps",destroyed,1
2022-03-25 13:03:26,Russia,armoured fighting vehicles,captured,2
2022-03-25 13:03:26,Russia,armoured fighting vehicles,destroyed,4
2022-03-25 13:03:26,Russia,armoured personnel carriers,abandoned,2
2022-03-25 13:03:26,Russia,armoured personnel carriers,captured,2
2022-03-25 13:03:26,Russia,armoured personnel carriers,destroyed,1
2022-03-25 13:03:26,Russia,engineering vehicles,abandoned,-8
2022-03-25 13:03:26,Russia,engineering vehicles,captured,-26
2022-03-25 13:03:26,Russia,engineering vehicles,destroyed,-16
2022-03-25 13:03:26,Russia,engineering vehicles and equipment,abandoned,8
2022-03-25 13:03:26,Russia,engineering vehicles and equipment,captured,26
2022-03-25 13:03:26,Russia,engineering vehicles and equipment,destroyed,17
2022-03-25 13:03:26,Russia,infantry fighting vehicles,captured,4
2022-03-25 13:03:26,Russia,infantry fighting vehicles,destroyed,2
2022-03-25 13:03:26,Russia,infantry mobility vehicles,destroyed,3
2022-03-25 13:03:26,Russia,self-propelled artillery,destroyed,2
2022-03-25 13:03:26,Russia,tanks,captured,4
2022-03-25 13:03:26,Russia,tanks,destroyed,5
2022-03-25 13:03:26,Russia,"trucks, vehicles and jeeps",captured,1
2022-03-25 13:03:26,Russia,"trucks, vehicles and jeeps",damaged,1
2022-03-25 13:03:26,Russia,"trucks, vehicles and jeeps",destroyed,3
2022-03-25 13:03:26,Ukraine,tanks,destroyed,1
2022-03-25 15:19:51,Russia,aircraft,destroyed,1
2022-03-25 15:19:51,Russia,armoured fighting vehicles,captured,2
2022-03-25 15:19:51,Russia,armoured fighting vehicles,destroyed,1
2022-03-25 15:19:51,Russia,engineering vehicles and equipment,destroyed,1
2022-03-25 15:19:51,Russia,infantry fighting vehicles,abandoned,-2
2022-03-25 15:19:51,Russia,infantry fighting vehicles,captured,2
2022-03-25 15:19:51,Russia,infantry fighting vehicles,destroyed,8
2022-03-25 15:19:51,Russia,"trucks, vehicles and jeeps",captured,2
2022-03-25 15:19:51,Ukraine,tanks,captured,2
2022-03-25 15:19:51,Ukraine,"trucks, vehicles and jeeps",captured,1
2022-03-25 18:23:52,Russia,infantry fighting vehicles,destroyed,1
2022-03-25 18:23:52,Russia,tanks,destroyed,2
2022-03-25 21:17:20,Russia,armoured fighting vehicles,captured,1
2022-03-25 21:17:20,Russia,armoured fighting vehicles,destroyed,2
2022-03-25 21:17:20,Russia,engineering vehicles and equipment,captured,2
2022-03-25 21:17:20,Russia,infantry fighting vehicles,captured,2
2022-03-25 21:17:20,Russia,infantry fighting vehicles,destroyed,4
2022-03-25 21:17:20,Russia,infantry mobility vehicles,destroyed,1
2022-03-25 21:17:20,Russia,tanks,captured,3
2022-03-25 21:17:20,Russia,tanks,destroyed,1
2022-03-25 21:17:20,Russia,"trucks, vehicles and jeeps",destroyed,1
2022-03-26 01:19:53,Russia,armoured fighting vehicles,destroyed,4
2022-03-26 01:19:53,Russia,engineering vehicles and equipment,captured,1
2022-03-26 01:19:53,Russia,infantry mobility vehicles,captured,1
2022-03-26 01:19:53,Russia,tanks,destroyed,1
2022-03-26 01:19:53,Russia,"trucks, vehicles and jeeps",captured,1
2022-03-26 01:19:53,Russia,"trucks, vehicles and jeeps",destroyed,3
2022-03-26 12:29:54,Russia,infantry fighting vehicles,destroyed,1
2022-03-26 12:29:54,Russia,tanks,abandoned,1
2022-03-26 12:29:54,Russia,"trucks, vehicles and jeeps",destroyed,1
2022-03-26 15:19:20,Ukraine,armoured fighting vehicles,captured,-2
2022-03-26 15:19:20,Ukraine,armoured fighting vehicles,destroyed,-1
2022-03-26 15:19:20,Ukraine,armoured personnel carriers,captured,2
2022-03-26 15:19:20,Ukraine,engineering vehicles,captured,4
2022-03-26 15:19:20,Ukraine,engineering vehicles,destroyed,1
2022-03-26 15:19:20,Ukraine,infantry fighting vehicles,captured,1
2022-03-26 15:19:20,Ukraine,infantry fighting vehicles,destroyed,1
2022-03-26 15:19:20,Ukraine,self-propelled artillery,captured,1
2022-03-26 15:19:20,Ukraine,self-propelled artillery,destroyed,1
2022-03-26 15:19:20,Ukraine,surface-to-air missile systems,captured,1
2022-03-26 15:19:20,Ukraine,surface-to-air missile systems,destroyed,1
2022-03-26 18:21:48,Russia,self-propelled artillery,captured,1
2022-03-26 18:21:48,Russia,self-propelled artillery,destroyed,2
2022-03-26 18:21:48,Russia,tanks,captured,1
2022-03-26 18:21:48,Ukraine,armoured fighting vehicles,captured,1
2022-03-26 18:21:48,Ukraine,infantry mobility vehicles,captured,3
2022-03-26 18:21:48,Ukraine,self-propelled artillery,captured,1
2022-03-26 18:21:48,Ukraine,tanks,captured,2
2022-03-26 21:17:15,Russia,armoured fighting vehicles,destroyed,1
2022-03-26 21:17:15,Russia,engineering vehicles and equipment,captured,1
2022-03-26 21:17:15,Russia,infantry fighting vehicles,captured,1
2022-03-26 21:17:15,Russia,infantry fighting vehicles,destroyed,3
2022-03-26 21:17:15,Russia,tanks,destroyed,2
2022-03-26 21:17:15,Russia,"trucks, vehicles and jeeps",captured,3
2022-03-26 21:17:15,Russia,"trucks, vehicles and jeeps",destroyed,15
2022-03-27 01:26:47,Russia,engineering vehicles and equipment,abandoned,3
2022-03-27 01:26:47,Russia,engineering vehicles and equipment,captured,1
2022-03-27 01:26:47,Ukraine,engineering vehicles,captured,1
2022-03-27 12:30:29,Russia,armoured fighting vehicles,captured,3
2022-03-27 12:30:29,Russia,helicopters,destroyed,1
2022-03-27 12:30:29,Russia,infantry fighting vehicles,captured,1
2022-03-27 12:30:29,Russia,infantry fighting vehicles,destroyed,4
2022-03-27 12:30:29,Russia,self-propelled artillery,captured,1
2022-03-27 12:30:29,Russia,tanks,captured,2
2022-03-27 12:30:29,Russia,towed artillery,captured,1
2022-03-27 12:30:29,Russia,"trucks, vehicles and jeeps",captured,7
2022-03-27 12:30:29,Russia,"trucks, vehicles and jeeps",destroyed,3
2022-03-27 12:30:29,Ukraine,"trucks, vehicles and jeeps",destroyed,2
2022-03-27 15:19:11,Russia,anti-aircraft guns,captured,1
2022-03-27 15:19:11,Russia,anti-tank guided missiles,captured,1
2022-03-27 15:19:11,Russia,armoured fighting vehicles,captured,1
2022-03-27 15:19:11,Russia,armoured fighting vehicles,destroyed,1
2022-03-27 15:19:11,Russia,armoured personnel carriers,captured,1
2022-03-27 15:19:11,Russia,communications stations,captured,1
2022-03-27 15:19:11,Russia,tanks,captured,3
2022-03-27 15:19:11,Russia,tanks,damaged,1
2022-03-27 15:19:11,Russia,tanks,destroyed,1
2022-03-27 15:19:11,Russia,"trucks, vehicles and jeeps",destroyed,2
2022-03-27 15:19:11,Ukraine,anti-aircraft guns,captured,2
2022-03-27 15:19:11,Ukraine,"trucks, vehicles and jeeps",destroyed,2
2022-03-27 18:21:42,Russia,armoured fighting vehicles,destroyed,5
2022-03-27 18:21:42,Russia,infantry fighting vehicles,captured,3
2022-03-27 18:21:42,Russia,infantry fighting vehicles,destroyed,2
2022-03-27 18:21:42,Russia,multiple rocket launchers,captured,1
2022-03-27 18:21:42,Russia,radars,captured,1
2022-03-27 18:21:42,Russia,self-propelled artillery,destroyed,2
2022-03-27 18:21:42,Russia,tanks,damaged,1
2022-03-27 18:21:42,Russia,tanks,destroyed,4
2022-03-27 18:21:42,Russia,"trucks, vehicles and jeeps",captured,4
2022-03-27 18:21:42,Russia,"trucks, vehicles and jeeps",destroyed,2
2022-03-27 18:21:42,Ukraine,anti-tank guided missiles,captured,1
2022-03-27 18:21:42,Ukraine,armoured fighting vehicles,destroyed,1
2022-03-27 18:21:42,Ukraine,towed artillery,destroyed,4
2022-03-27 18:21:42,Ukraine,"trucks, vehicles and jeeps",destroyed,2
2022-03-27 21:17:14,Russia,armoured fighting vehicles,captured,1
2022-03-27 21:17:14,Russia,heavy mortars,captured,3
2022-03-27 21:17:14,Russia,infantry fighting vehicles,destroyed,2
2022-03-27 21:17:14,Russia,tanks,destroyed,-2
2022-03-27 21:17:14,Russia,"trucks, vehicles and jeeps",destroyed,1
2022-03-28 12:33:57,Russia,aircraft,destroyed,1
2022-03-28 12:33:57,Russia,armoured fighting vehicles,captured,1
2022-03-28 12:33:57,Russia,armoured fighting vehicles,destroyed,1
2022-03-28 12:33:57,Russia,armoured personnel carriers,destroyed,2
2022-03-28 12:33:57,Russia,engineering vehicles and equipment,destroyed,1
2022-03-28 12:33:57,Russia,helicopters,destroyed,-1
2022-03-28 12:33:57,Russia,infantry fighting vehicles,destroyed,2
2022-03-28 12:33:57,Russia,infantry mobility vehicles,destroyed,1
2022-03-28 12:33:57,Russia,tanks,captured,2
2022-03-28 12:33:57,Russia,tanks,destroyed,2
